-- --------------------------------------------------------
-- Host:                         127.0.0.1
-- Server version:               8.0.30 - MySQL Community Server - GPL
-- Server OS:                    Win64
-- HeidiSQL Version:             12.1.0.6537
-- --------------------------------------------------------

/*!40101 SET @OLD_CHARACTER_SET_CLIENT=@@CHARACTER_SET_CLIENT */;
/*!40101 SET NAMES utf8 */;
/*!50503 SET NAMES utf8mb4 */;
/*!40103 SET @OLD_TIME_ZONE=@@TIME_ZONE */;
/*!40103 SET TIME_ZONE='+00:00' */;
/*!40014 SET @OLD_FOREIGN_KEY_CHECKS=@@FOREIGN_KEY_CHECKS, FOREIGN_KEY_CHECKS=0 */;
/*!40101 SET @OLD_SQL_MODE=@@SQL_MODE, SQL_MODE='NO_AUTO_VALUE_ON_ZERO' */;
/*!40111 SET @OLD_SQL_NOTES=@@SQL_NOTES, SQL_NOTES=0 */;

-- Dumping structure for table golden-ispat-erp.districts
CREATE TABLE IF NOT EXISTS `districts` (
  `id` bigint unsigned NOT NULL AUTO_INCREMENT,
  `name` varchar(255) CHARACTER SET utf8mb4 COLLATE utf8mb4_unicode_ci DEFAULT NULL,
  `division_id` int NOT NULL,
  `bangla` varchar(255) CHARACTER SET utf8mb4 COLLATE utf8mb4_unicode_ci DEFAULT NULL,
  `short_name` varchar(255) CHARACTER SET utf8mb4 COLLATE utf8mb4_unicode_ci DEFAULT NULL,
  `created_at` timestamp NULL DEFAULT NULL,
  `updated_at` timestamp NULL DEFAULT NULL,
  PRIMARY KEY (`id`)
) ENGINE=InnoDB AUTO_INCREMENT=128 DEFAULT CHARSET=utf8mb4 COLLATE=utf8mb4_unicode_ci;

-- Dumping data for table golden-ispat-erp.districts: ~64 rows (approximately)
INSERT INTO `districts` (`id`, `name`, `division_id`, `bangla`, `short_name`, `created_at`, `updated_at`) VALUES
	(1, 'Dhaka', 1, NULL, NULL, NULL, NULL),
	(2, 'Faridpur', 1, NULL, NULL, NULL, NULL),
	(3, 'Gazipur', 1, NULL, NULL, NULL, NULL),
	(4, 'Gopalganj', 1, NULL, NULL, NULL, NULL),
	(5, 'Jamalpur', 1, NULL, NULL, NULL, NULL),
	(6, 'Kishoreganj', 1, NULL, NULL, NULL, NULL),
	(7, 'Madaripur', 1, NULL, NULL, NULL, NULL),
	(8, 'Manikganj', 1, NULL, NULL, NULL, NULL),
	(9, 'Munshiganj', 1, NULL, NULL, NULL, NULL),
	(10, 'Mymensingh', 1, NULL, NULL, NULL, NULL),
	(11, 'Narayanganj', 1, NULL, NULL, NULL, NULL),
	(12, 'Narshingdi', 1, NULL, NULL, NULL, NULL),
	(13, 'Netrakona', 1, NULL, NULL, NULL, NULL),
	(14, 'Rajbari', 1, NULL, NULL, NULL, NULL),
	(15, 'Shariatpur', 1, NULL, NULL, NULL, NULL),
	(16, 'Sherpur', 1, NULL, NULL, NULL, NULL),
	(17, 'Tangail', 1, NULL, NULL, NULL, NULL),
	(18, 'Bandarban', 2, NULL, NULL, NULL, NULL),
	(19, 'Brahmanbaria', 2, NULL, NULL, NULL, NULL),
	(20, 'Chandpur', 2, NULL, NULL, NULL, NULL),
	(21, 'Chittagong', 2, NULL, NULL, NULL, NULL),
	(22, 'Comilla', 2, NULL, NULL, NULL, NULL),
	(23, 'Cox’s Bazar', 2, NULL, NULL, NULL, NULL),
	(24, 'Feni', 2, NULL, NULL, NULL, NULL),
	(25, 'Khagrachari', 2, NULL, NULL, NULL, NULL),
	(26, 'Lakshmipur', 2, NULL, NULL, NULL, NULL),
	(27, 'Noakhali', 2, NULL, NULL, NULL, NULL),
	(28, 'Rangamati', 2, NULL, NULL, NULL, NULL),
	(29, 'Bagherhat', 3, NULL, NULL, NULL, NULL),
	(30, 'Chuadanga', 3, NULL, NULL, NULL, NULL),
	(31, 'Jessore', 3, NULL, NULL, NULL, NULL),
	(32, 'Jinaidaha', 3, NULL, NULL, NULL, NULL),
	(33, 'Khulna', 3, NULL, NULL, NULL, NULL),
	(34, 'Kustia', 3, NULL, NULL, NULL, NULL),
	(35, 'Magura', 3, NULL, NULL, NULL, NULL),
	(36, 'Meherpur', 3, NULL, NULL, NULL, NULL),
	(37, 'Narail', 3, NULL, NULL, NULL, NULL),
	(38, 'Satkhira', 3, NULL, NULL, NULL, NULL),
	(39, 'Hobiganj', 4, NULL, NULL, NULL, NULL),
	(40, 'Moulvibazar', 4, NULL, NULL, NULL, NULL),
	(41, 'Sunamganj', 4, NULL, NULL, NULL, NULL),
	(42, 'Sylhet', 4, NULL, NULL, NULL, NULL),
	(46, 'Barguna', 5, NULL, NULL, NULL, NULL),
	(47, 'Barishal', 5, NULL, NULL, NULL, NULL),
	(48, 'Bhola', 5, NULL, NULL, NULL, NULL),
	(49, 'Jhalokathi', 5, NULL, NULL, NULL, NULL),
	(50, 'Patuakhali', 5, NULL, NULL, NULL, NULL),
	(51, 'Pirojpur', 5, NULL, NULL, NULL, NULL),
	(52, 'Bogra', 6, NULL, NULL, NULL, NULL),
	(53, 'Chapinawabganj', 6, NULL, NULL, NULL, NULL),
	(54, 'Joypurhat', 6, NULL, NULL, NULL, NULL),
	(55, 'Naogaon', 6, NULL, NULL, NULL, NULL),
	(56, 'Natore', 6, NULL, NULL, NULL, NULL),
	(57, 'Pabna', 6, NULL, NULL, NULL, NULL),
	(58, 'Rajshahi', 6, NULL, NULL, NULL, NULL),
	(59, 'Sirajganj', 6, NULL, NULL, NULL, NULL),
	(60, 'Dinajpur', 7, NULL, NULL, NULL, NULL),
	(61, 'Gaibandha', 7, NULL, NULL, NULL, NULL),
	(62, 'Kurigram', 7, NULL, NULL, NULL, NULL),
	(63, 'Lalmonirhat', 7, NULL, NULL, NULL, NULL),
	(64, 'Nilphamari', 7, NULL, NULL, NULL, NULL),
	(65, 'Panchagarh', 7, NULL, NULL, NULL, NULL),
	(66, 'Rangpur', 7, NULL, NULL, NULL, NULL),
	(67, 'Thakurgaon', 7, NULL, NULL, NULL, NULL);

-- Dumping structure for table golden-ispat-erp.divisions
CREATE TABLE IF NOT EXISTS `divisions` (
  `id` bigint unsigned NOT NULL AUTO_INCREMENT,
  `country_id` int NOT NULL,
  `name` varchar(255) CHARACTER SET utf8mb4 COLLATE utf8mb4_unicode_ci NOT NULL,
  `created_at` timestamp NULL DEFAULT NULL,
  `updated_at` timestamp NULL DEFAULT NULL,
  PRIMARY KEY (`id`)
) ENGINE=InnoDB AUTO_INCREMENT=8 DEFAULT CHARSET=utf8mb4 COLLATE=utf8mb4_unicode_ci;

-- Dumping data for table golden-ispat-erp.divisions: ~7 rows (approximately)
INSERT INTO `divisions` (`id`, `country_id`, `name`, `created_at`, `updated_at`) VALUES
	(1, 18, 'Dhaka', NULL, NULL),
	(2, 18, 'Chittagong', NULL, NULL),
	(3, 18, 'Khulna', NULL, NULL),
	(4, 18, 'Sylhet', NULL, NULL),
	(5, 18, 'Barisal', NULL, NULL),
	(6, 18, 'Rajshahi', NULL, NULL),
	(7, 18, 'Rangpur', NULL, NULL);

-- Dumping structure for table golden-ispat-erp.police_stations
CREATE TABLE IF NOT EXISTS `police_stations` (
  `id` bigint unsigned NOT NULL AUTO_INCREMENT,
  `name` varchar(255) CHARACTER SET utf8mb4 COLLATE utf8mb4_unicode_ci NOT NULL,
  `bangla` varchar(255) CHARACTER SET utf8mb4 COLLATE utf8mb4_unicode_ci DEFAULT NULL,
  `district_id` int NOT NULL,
  `status` varchar(255) CHARACTER SET utf8mb4 COLLATE utf8mb4_unicode_ci NOT NULL DEFAULT 'active',
  `created_at` timestamp NULL DEFAULT NULL,
  `updated_at` timestamp NULL DEFAULT NULL,
  PRIMARY KEY (`id`)
) ENGINE=InnoDB AUTO_INCREMENT=512 DEFAULT CHARSET=utf8mb4 COLLATE=utf8mb4_unicode_ci;

-- Dumping data for table golden-ispat-erp.police_stations: ~479 rows (approximately)
INSERT INTO `police_stations` (`id`, `name`, `bangla`, `district_id`, `status`, `created_at`, `updated_at`) VALUES
	(1, 'Demra', NULL, 1, 'active', NULL, NULL),
	(2, 'Dhaka Cantt.', NULL, 1, 'active', NULL, NULL),
	(3, 'Dhamrai', NULL, 1, 'active', NULL, NULL),
	(4, 'Dhanmondi', NULL, 1, 'active', NULL, NULL),
	(5, 'Gulshan', NULL, 1, 'active', NULL, NULL),
	(6, 'Jatrabari', NULL, 1, 'active', NULL, NULL),
	(7, 'Joypara', NULL, 1, 'active', NULL, NULL),
	(8, 'Keraniganj', NULL, 1, 'active', NULL, NULL),
	(9, 'Khilgaon', NULL, 1, 'active', NULL, NULL),
	(10, 'Khilkhet', NULL, 1, 'active', NULL, NULL),
	(11, 'Lalbag', NULL, 1, 'active', NULL, NULL),
	(12, 'Mirpur', NULL, 1, 'active', NULL, NULL),
	(13, 'Mohammadpur', NULL, 1, 'active', NULL, NULL),
	(14, 'Motijheel', NULL, 1, 'active', NULL, NULL),
	(15, 'Nawabganj', NULL, 1, 'active', NULL, NULL),
	(16, 'New market', NULL, 1, 'active', NULL, NULL),
	(17, 'Palton', NULL, 1, 'active', NULL, NULL),
	(18, 'Ramna', NULL, 1, 'active', NULL, NULL),
	(19, 'Sabujbag', NULL, 1, 'active', NULL, NULL),
	(20, 'Savar', NULL, 1, 'active', NULL, NULL),
	(21, 'Sutrapur', NULL, 1, 'active', NULL, NULL),
	(22, 'Tejgaon', NULL, 1, 'active', NULL, NULL),
	(23, 'Tejgaon Industrial Area', NULL, 1, 'active', NULL, NULL),
	(24, 'Uttara', NULL, 1, 'active', NULL, NULL),
	(25, 'Alfadanga', NULL, 2, 'active', NULL, NULL),
	(26, 'Bhanga', NULL, 2, 'active', NULL, NULL),
	(27, 'Boalmari', NULL, 2, 'active', NULL, NULL),
	(28, 'Charbhadrasan', NULL, 2, 'active', NULL, NULL),
	(29, 'Faridpur Sadar', NULL, 2, 'active', NULL, NULL),
	(30, 'Madukhali', NULL, 2, 'active', NULL, NULL),
	(31, 'Nagarkanda', NULL, 2, 'active', NULL, NULL),
	(32, 'Sadarpur', NULL, 2, 'active', NULL, NULL),
	(33, 'Shriangan', NULL, 2, 'active', NULL, NULL),
	(34, 'Gazipur Sadar', NULL, 3, 'active', NULL, NULL),
	(35, 'Kaliakaar', NULL, 3, 'active', NULL, NULL),
	(36, 'Kaliganj', NULL, 3, 'active', NULL, NULL),
	(37, 'Kapashia', NULL, 3, 'active', NULL, NULL),
	(38, 'Monnunagar', NULL, 3, 'active', NULL, NULL),
	(39, 'Sreepur', NULL, 3, 'active', NULL, NULL),
	(40, 'Sripur', NULL, 3, 'active', NULL, NULL),
	(41, 'Gopalganj Sadar', NULL, 4, 'active', NULL, NULL),
	(42, 'Kashiani', NULL, 4, 'active', NULL, NULL),
	(43, 'Kotalipara', NULL, 4, 'active', NULL, NULL),
	(44, 'Maksudpur', NULL, 4, 'active', NULL, NULL),
	(45, 'Tungipara', NULL, 4, 'active', NULL, NULL),
	(46, 'Dewangonj', NULL, 5, 'active', NULL, NULL),
	(47, 'Islampur', NULL, 5, 'active', NULL, NULL),
	(48, 'Jamalpur', NULL, 5, 'active', NULL, NULL),
	(49, 'Malandah', NULL, 5, 'active', NULL, NULL),
	(50, 'Mathargonj', NULL, 5, 'active', NULL, NULL),
	(51, 'Shorishabari', NULL, 5, 'active', NULL, NULL),
	(52, 'Bajitpur', NULL, 6, 'active', NULL, NULL),
	(53, 'Bhairob', NULL, 6, 'active', NULL, NULL),
	(54, 'Hossenpur', NULL, 6, 'active', NULL, NULL),
	(55, 'Itna', NULL, 6, 'active', NULL, NULL),
	(56, 'Karimganj', NULL, 6, 'active', NULL, NULL),
	(57, 'Katiadi', NULL, 6, 'active', NULL, NULL),
	(58, 'Kishoreganj Sadar', NULL, 6, 'active', NULL, NULL),
	(59, 'Kuliarchar', NULL, 6, 'active', NULL, NULL),
	(60, 'Mithamoin', NULL, 6, 'active', NULL, NULL),
	(61, 'Nikli', NULL, 6, 'active', NULL, NULL),
	(62, 'Ostagram', NULL, 6, 'active', NULL, NULL),
	(63, 'Pakundia', NULL, 6, 'active', NULL, NULL),
	(64, 'Tarial', NULL, 6, 'active', NULL, NULL),
	(65, 'Barhamganj', NULL, 7, 'active', NULL, NULL),
	(66, 'kalkini', NULL, 7, 'active', NULL, NULL),
	(67, 'Madaripur Sadar', NULL, 7, 'active', NULL, NULL),
	(68, 'Rajoir', NULL, 7, 'active', NULL, NULL),
	(69, 'Doulatpur', NULL, 8, 'active', NULL, NULL),
	(70, 'Gheor', NULL, 8, 'active', NULL, NULL),
	(71, 'Lechhraganj', NULL, 8, 'active', NULL, NULL),
	(72, 'Manikganj Sadar', NULL, 8, 'active', NULL, NULL),
	(73, 'Saturia', NULL, 8, 'active', NULL, NULL),
	(74, 'Shibloya', NULL, 8, 'active', NULL, NULL),
	(75, 'Singari', NULL, 8, 'active', NULL, NULL),
	(76, 'Gajaria', NULL, 9, 'active', NULL, NULL),
	(77, 'Lohajong', NULL, 9, 'active', NULL, NULL),
	(78, 'Munshiganj Sadar', NULL, 9, 'active', NULL, NULL),
	(79, 'Sirajdikhan', NULL, 9, 'active', NULL, NULL),
	(80, 'Srinagar', NULL, 9, 'active', NULL, NULL),
	(81, 'Tangibari', NULL, 9, 'active', NULL, NULL),
	(82, 'Bhaluka', NULL, 10, 'active', NULL, NULL),
	(83, 'Fulbaria', NULL, 10, 'active', NULL, NULL),
	(84, 'Gaforgaon', NULL, 10, 'active', NULL, NULL),
	(85, 'Gouripur', NULL, 10, 'active', NULL, NULL),
	(86, 'Haluaghat', NULL, 10, 'active', NULL, NULL),
	(87, 'Isshwargonj', NULL, 10, 'active', NULL, NULL),
	(88, 'Muktagachha', NULL, 10, 'active', NULL, NULL),
	(89, 'Mymensingh Sadar', NULL, 10, 'active', NULL, NULL),
	(90, 'Nandail', NULL, 10, 'active', NULL, NULL),
	(91, 'Phulpur', NULL, 10, 'active', NULL, NULL),
	(92, 'Trishal', NULL, 10, 'active', NULL, NULL),
	(93, 'Araihazar', NULL, 11, 'active', NULL, NULL),
	(94, 'Baidder Bazar', NULL, 11, 'active', NULL, NULL),
	(95, 'Bandar', NULL, 11, 'active', NULL, NULL),
	(96, 'Fatullah', NULL, 11, 'active', NULL, NULL),
	(97, 'Narayanganj Sadar', NULL, 11, 'active', NULL, NULL),
	(98, 'Rupganj', NULL, 11, 'active', NULL, NULL),
	(99, 'Siddirganj', NULL, 11, 'active', NULL, NULL),
	(100, 'Belabo', NULL, 12, 'active', NULL, NULL),
	(101, 'Monohordi', NULL, 12, 'active', NULL, NULL),
	(102, 'Narshingdi Sadar', NULL, 12, 'active', NULL, NULL),
	(103, 'Palash', NULL, 12, 'active', NULL, NULL),
	(104, 'Raypura', NULL, 12, 'active', NULL, NULL),
	(105, 'Shibpur', NULL, 12, 'active', NULL, NULL),
	(106, 'Susung Durgapur', NULL, 13, 'active', NULL, NULL),
	(107, 'Atpara', NULL, 13, 'active', NULL, NULL),
	(108, 'Barhatta', NULL, 13, 'active', NULL, NULL),
	(109, 'Dharmapasha', NULL, 13, 'active', NULL, NULL),
	(110, 'Dhobaura', NULL, 13, 'active', NULL, NULL),
	(111, 'Kalmakanda', NULL, 13, 'active', NULL, NULL),
	(112, 'Kendua', NULL, 13, 'active', NULL, NULL),
	(113, 'Khaliajuri', NULL, 13, 'active', NULL, NULL),
	(114, 'Madan', NULL, 13, 'active', NULL, NULL),
	(115, 'Moddhynagar', NULL, 13, 'active', NULL, NULL),
	(116, 'Mohanganj', NULL, 13, 'active', NULL, NULL),
	(117, 'Netrakona Sadar', NULL, 13, 'active', NULL, NULL),
	(118, 'Purbadhola', NULL, 13, 'active', NULL, NULL),
	(119, 'Baliakandi', NULL, 14, 'active', NULL, NULL),
	(120, 'Pangsha', NULL, 14, 'active', NULL, NULL),
	(121, 'Rajbari Sadar', NULL, 14, 'active', NULL, NULL),
	(122, 'Bhedorganj', NULL, 15, 'active', NULL, NULL),
	(123, 'Damudhya', NULL, 15, 'active', NULL, NULL),
	(124, 'Gosairhat', NULL, 15, 'active', NULL, NULL),
	(125, 'Jajira', NULL, 15, 'active', NULL, NULL),
	(126, 'Naria', NULL, 15, 'active', NULL, NULL),
	(127, 'Shariatpur Sadar', NULL, 15, 'active', NULL, NULL),
	(128, 'Bakshigonj', NULL, 16, 'active', NULL, NULL),
	(129, 'Jhinaigati', NULL, 16, 'active', NULL, NULL),
	(130, 'Nakla', NULL, 16, 'active', NULL, NULL),
	(131, 'Nalitabari', NULL, 16, 'active', NULL, NULL),
	(132, 'Sherpur Shadar', NULL, 16, 'active', NULL, NULL),
	(133, 'Shribardi', NULL, 16, 'active', NULL, NULL),
	(134, 'Basail', NULL, 17, 'active', NULL, NULL),
	(135, 'Bhuapur', NULL, 17, 'active', NULL, NULL),
	(136, 'Delduar', NULL, 17, 'active', NULL, NULL),
	(137, 'Ghatail', NULL, 17, 'active', NULL, NULL),
	(138, 'Gopalpur', NULL, 17, 'active', NULL, NULL),
	(139, 'Kalihati', NULL, 17, 'active', NULL, NULL),
	(140, 'Kashkaolia', NULL, 17, 'active', NULL, NULL),
	(141, 'Madhupur', NULL, 17, 'active', NULL, NULL),
	(142, 'Mirzapur', NULL, 17, 'active', NULL, NULL),
	(143, 'Nagarpur', NULL, 17, 'active', NULL, NULL),
	(144, 'Sakhipur', NULL, 17, 'active', NULL, NULL),
	(145, 'Tangail Sadar', NULL, 17, 'active', NULL, NULL),
	(146, 'Alikadam', NULL, 18, 'active', NULL, NULL),
	(147, 'Bandarban Sadar', NULL, 18, 'active', NULL, NULL),
	(148, 'Naikhong', NULL, 18, 'active', NULL, NULL),
	(149, 'Roanchhari', NULL, 18, 'active', NULL, NULL),
	(150, 'Ruma', NULL, 18, 'active', NULL, NULL),
	(151, 'Thanchi', NULL, 18, 'active', NULL, NULL),
	(152, 'Akhaura', NULL, 19, 'active', NULL, NULL),
	(153, 'Banchharampur', NULL, 19, 'active', NULL, NULL),
	(154, 'Brahamanbaria Sadar', NULL, 19, 'active', NULL, NULL),
	(155, 'Kasba', NULL, 19, 'active', NULL, NULL),
	(156, 'Nabinagar', NULL, 19, 'active', NULL, NULL),
	(157, 'Nasirnagar', NULL, 19, 'active', NULL, NULL),
	(158, 'Sarail', NULL, 19, 'active', NULL, NULL),
	(159, 'Chandpur Sadar', NULL, 20, 'active', NULL, NULL),
	(160, 'Faridganj', NULL, 20, 'active', NULL, NULL),
	(161, 'Hajiganj', NULL, 20, 'active', NULL, NULL),
	(162, 'Hayemchar', NULL, 20, 'active', NULL, NULL),
	(163, 'Kachua', NULL, 20, 'active', NULL, NULL),
	(164, 'Matlobganj', NULL, 20, 'active', NULL, NULL),
	(165, 'Shahrasti', NULL, 20, 'active', NULL, NULL),
	(166, 'Anawara', NULL, 21, 'active', NULL, NULL),
	(167, 'Boalkhali', NULL, 21, 'active', NULL, NULL),
	(168, 'Chittagong Sadar', NULL, 21, 'active', NULL, NULL),
	(169, 'East Joara', NULL, 21, 'active', NULL, NULL),
	(170, 'Fatikchhari', NULL, 21, 'active', NULL, NULL),
	(171, 'Hathazari', NULL, 21, 'active', NULL, NULL),
	(172, 'Jaldi', NULL, 21, 'active', NULL, NULL),
	(173, 'Lohagara', NULL, 21, 'active', NULL, NULL),
	(174, 'Mirsharai', NULL, 21, 'active', NULL, NULL),
	(175, 'Patia Head Office', NULL, 21, 'active', NULL, NULL),
	(176, 'Rangunia', NULL, 21, 'active', NULL, NULL),
	(177, 'Rouzan', NULL, 21, 'active', NULL, NULL),
	(178, 'Sandwip', NULL, 21, 'active', NULL, NULL),
	(179, 'Satkania', NULL, 21, 'active', NULL, NULL),
	(180, 'Sitakunda', NULL, 21, 'active', NULL, NULL),
	(181, 'Barura', NULL, 22, 'active', NULL, NULL),
	(182, 'Brahmanpara', NULL, 22, 'active', NULL, NULL),
	(183, 'Burichang', NULL, 22, 'active', NULL, NULL),
	(184, 'Chandina', NULL, 22, 'active', NULL, NULL),
	(185, 'Chouddagram', NULL, 22, 'active', NULL, NULL),
	(186, 'Comilla Sadar', NULL, 22, 'active', NULL, NULL),
	(187, 'Daudkandi', NULL, 22, 'active', NULL, NULL),
	(188, 'Davidhar', NULL, 22, 'active', NULL, NULL),
	(189, 'Homna', NULL, 22, 'active', NULL, NULL),
	(190, 'Laksam', NULL, 22, 'active', NULL, NULL),
	(191, 'Langalkot', NULL, 22, 'active', NULL, NULL),
	(192, 'Muradnagar', NULL, 22, 'active', NULL, NULL),
	(193, 'Chiringga', NULL, 23, 'active', NULL, NULL),
	(194, 'Coxs Bazar Sadar', NULL, 23, 'active', NULL, NULL),
	(195, 'Gorakghat', NULL, 23, 'active', NULL, NULL),
	(196, 'Kutubdia', NULL, 23, 'active', NULL, NULL),
	(197, 'Ramu', NULL, 23, 'active', NULL, NULL),
	(198, 'Teknaf', NULL, 23, 'active', NULL, NULL),
	(199, 'Ukhia', NULL, 23, 'active', NULL, NULL),
	(200, 'Chhagalnaia', NULL, 24, 'active', NULL, NULL),
	(201, 'Dagonbhuia', NULL, 24, 'active', NULL, NULL),
	(202, 'Feni Sadar', NULL, 24, 'active', NULL, NULL),
	(203, 'Pashurampur', NULL, 24, 'active', NULL, NULL),
	(204, 'Sonagazi', NULL, 24, 'active', NULL, NULL),
	(205, 'Diginala', NULL, 25, 'active', NULL, NULL),
	(206, 'Khagrachari Sadar', NULL, 25, 'active', NULL, NULL),
	(207, 'Laxmichhari', NULL, 25, 'active', NULL, NULL),
	(208, 'Mahalchhari', NULL, 25, 'active', NULL, NULL),
	(209, 'Manikchhari', NULL, 25, 'active', NULL, NULL),
	(210, 'Matiranga', NULL, 25, 'active', NULL, NULL),
	(211, 'Panchhari', NULL, 25, 'active', NULL, NULL),
	(212, 'Ramghar Head Office', NULL, 25, 'active', NULL, NULL),
	(213, 'Char Alexgander', NULL, 26, 'active', NULL, NULL),
	(214, 'Lakshimpur Sadar', NULL, 26, 'active', NULL, NULL),
	(215, 'Ramganj', NULL, 26, 'active', NULL, NULL),
	(216, 'Raypur', NULL, 26, 'active', NULL, NULL),
	(217, 'Basurhat', NULL, 27, 'active', NULL, NULL),
	(218, 'Begumganj', NULL, 27, 'active', NULL, NULL),
	(219, 'Chatkhil', NULL, 27, 'active', NULL, NULL),
	(220, 'Hatiya', NULL, 27, 'active', NULL, NULL),
	(221, 'Noakhali Sadar', NULL, 27, 'active', NULL, NULL),
	(222, 'Senbag', NULL, 27, 'active', NULL, NULL),
	(223, 'Barakal', NULL, 28, 'active', NULL, NULL),
	(224, 'Bilaichhari', NULL, 28, 'active', NULL, NULL),
	(225, 'Jarachhari', NULL, 28, 'active', NULL, NULL),
	(226, 'Kalampati', NULL, 28, 'active', NULL, NULL),
	(227, 'kaptai', NULL, 28, 'active', NULL, NULL),
	(228, 'Longachh', NULL, 28, 'active', NULL, NULL),
	(229, 'Marishya', NULL, 28, 'active', NULL, NULL),
	(230, 'Naniachhar', NULL, 28, 'active', NULL, NULL),
	(231, 'Rajsthali', NULL, 28, 'active', NULL, NULL),
	(232, 'Rangamati Sadar', NULL, 28, 'active', NULL, NULL),
	(233, 'Bagerhat Sadar', NULL, 29, 'active', NULL, NULL),
	(234, 'Chalna Ankorage', NULL, 29, 'active', NULL, NULL),
	(235, 'Chitalmari', NULL, 29, 'active', NULL, NULL),
	(236, 'Fakirhat', NULL, 29, 'active', NULL, NULL),
	(237, 'Kachua UPO', NULL, 29, 'active', NULL, NULL),
	(238, 'Mollahat', NULL, 29, 'active', NULL, NULL),
	(239, 'Morelganj', NULL, 29, 'active', NULL, NULL),
	(240, 'Rampal', NULL, 29, 'active', NULL, NULL),
	(241, 'Rayenda', NULL, 29, 'active', NULL, NULL),
	(242, 'Alamdanga', NULL, 30, 'active', NULL, NULL),
	(243, 'Chuadanga Sadar', NULL, 30, 'active', NULL, NULL),
	(244, 'Damurhuda', NULL, 30, 'active', NULL, NULL),
	(245, 'Doulatganj', NULL, 30, 'active', NULL, NULL),
	(246, 'Bagharpara', NULL, 31, 'active', NULL, NULL),
	(247, 'Chaugachha', NULL, 31, 'active', NULL, NULL),
	(248, 'Jessore Sadar', NULL, 31, 'active', NULL, NULL),
	(249, 'Jhikargachha', NULL, 31, 'active', NULL, NULL),
	(250, 'Keshabpur', NULL, 31, 'active', NULL, NULL),
	(251, 'Monirampur', NULL, 31, 'active', NULL, NULL),
	(252, 'Noapara', NULL, 31, 'active', NULL, NULL),
	(253, 'Sarsa', NULL, 31, 'active', NULL, NULL),
	(254, 'Harinakundu', NULL, 32, 'active', NULL, NULL),
	(255, 'Jinaidaha Sadar', NULL, 32, 'active', NULL, NULL),
	(256, 'Kotchandpur', NULL, 32, 'active', NULL, NULL),
	(257, 'Maheshpur', NULL, 32, 'active', NULL, NULL),
	(258, 'Naldanga', NULL, 32, 'active', NULL, NULL),
	(259, 'Shailakupa', NULL, 32, 'active', NULL, NULL),
	(260, 'Alaipur', NULL, 33, 'active', NULL, NULL),
	(261, 'Batiaghat', NULL, 33, 'active', NULL, NULL),
	(262, 'Chalna Bazar', NULL, 33, 'active', NULL, NULL),
	(263, 'Digalia', NULL, 33, 'active', NULL, NULL),
	(264, 'Khulna Sadar', NULL, 33, 'active', NULL, NULL),
	(265, 'Madinabad', NULL, 33, 'active', NULL, NULL),
	(266, 'Paikgachha', NULL, 33, 'active', NULL, NULL),
	(267, 'Phultala', NULL, 33, 'active', NULL, NULL),
	(268, 'Sajiara', NULL, 33, 'active', NULL, NULL),
	(269, 'Terakhada', NULL, 33, 'active', NULL, NULL),
	(270, 'Bheramara', NULL, 34, 'active', NULL, NULL),
	(271, 'Janipur', NULL, 34, 'active', NULL, NULL),
	(272, 'Kumarkhali', NULL, 34, 'active', NULL, NULL),
	(273, 'Kustia Sadar', NULL, 34, 'active', NULL, NULL),
	(274, 'Mirpur', NULL, 34, 'active', NULL, NULL),
	(275, 'Rafayetpur', NULL, 34, 'active', NULL, NULL),
	(276, 'Arpara', NULL, 35, 'active', NULL, NULL),
	(277, 'Magura Sadar', NULL, 35, 'active', NULL, NULL),
	(278, 'Mohammadpur', NULL, 35, 'active', NULL, NULL),
	(279, 'Shripur', NULL, 35, 'active', NULL, NULL),
	(280, 'Gangni', NULL, 36, 'active', NULL, NULL),
	(281, 'Meherpur Sadar', NULL, 36, 'active', NULL, NULL),
	(282, 'Kalia', NULL, 37, 'active', NULL, NULL),
	(283, 'Laxmipasha', NULL, 37, 'active', NULL, NULL),
	(284, 'Mohajan', NULL, 37, 'active', NULL, NULL),
	(285, 'Narail Sadar', NULL, 37, 'active', NULL, NULL),
	(286, 'Ashashuni', NULL, 38, 'active', NULL, NULL),
	(287, 'Debbhata', NULL, 38, 'active', NULL, NULL),
	(288, 'kalaroa', NULL, 38, 'active', NULL, NULL),
	(289, 'Kaliganj UPO', NULL, 38, 'active', NULL, NULL),
	(290, 'Nakipur', NULL, 38, 'active', NULL, NULL),
	(291, 'Satkhira Sadar', NULL, 38, 'active', NULL, NULL),
	(292, 'Taala', NULL, 38, 'active', NULL, NULL),
	(293, 'Azmireeganj', NULL, 39, 'active', NULL, NULL),
	(294, 'Bahubal', NULL, 39, 'active', NULL, NULL),
	(295, 'Baniachang', NULL, 39, 'active', NULL, NULL),
	(296, 'Chunarughat', NULL, 39, 'active', NULL, NULL),
	(297, 'Hobiganj Sadar', NULL, 39, 'active', NULL, NULL),
	(298, 'Kalauk', NULL, 39, 'active', NULL, NULL),
	(299, 'Madhabpur', NULL, 39, 'active', NULL, NULL),
	(300, 'Nabiganj', NULL, 39, 'active', NULL, NULL),
	(301, 'Baralekha', NULL, 40, 'active', NULL, NULL),
	(302, 'Kamalganj', NULL, 40, 'active', NULL, NULL),
	(303, 'Kulaura', NULL, 40, 'active', NULL, NULL),
	(304, 'Moulvibazar Sadar', NULL, 40, 'active', NULL, NULL),
	(305, 'Rajnagar', NULL, 40, 'active', NULL, NULL),
	(306, 'Srimangal', NULL, 40, 'active', NULL, NULL),
	(307, 'Bishamsarpur', NULL, 41, 'active', NULL, NULL),
	(308, 'Chhatak', NULL, 41, 'active', NULL, NULL),
	(309, 'Dhirai Chandpur', NULL, 41, 'active', NULL, NULL),
	(310, 'Duara bazar', NULL, 41, 'active', NULL, NULL),
	(311, 'Ghungiar', NULL, 41, 'active', NULL, NULL),
	(312, 'Jagnnathpur', NULL, 41, 'active', NULL, NULL),
	(313, 'Sachna', NULL, 41, 'active', NULL, NULL),
	(314, 'Sunamganj Sadar', NULL, 41, 'active', NULL, NULL),
	(315, 'Tahirpur', NULL, 41, 'active', NULL, NULL),
	(316, 'Balaganj', NULL, 42, 'active', NULL, NULL),
	(317, 'Bianibazar', NULL, 42, 'active', NULL, NULL),
	(318, 'Bishwanath', NULL, 42, 'active', NULL, NULL),
	(319, 'Fenchuganj', NULL, 42, 'active', NULL, NULL),
	(320, 'Goainhat', NULL, 42, 'active', NULL, NULL),
	(321, 'Gopalganj', NULL, 42, 'active', NULL, NULL),
	(322, 'Jaintapur', NULL, 42, 'active', NULL, NULL),
	(323, 'Jakiganj', NULL, 42, 'active', NULL, NULL),
	(324, 'Kanaighat', NULL, 42, 'active', NULL, NULL),
	(325, 'Kompanyganj', NULL, 42, 'active', NULL, NULL),
	(326, 'Sylhet Sadar', NULL, 42, 'active', NULL, NULL),
	(327, 'Amtali', NULL, 46, 'active', NULL, NULL),
	(328, 'Bamna', NULL, 46, 'active', NULL, NULL),
	(329, 'Barguna Sadar', NULL, 46, 'active', NULL, NULL),
	(330, 'Betagi', NULL, 46, 'active', NULL, NULL),
	(331, 'Patharghata', NULL, 46, 'active', NULL, NULL),
	(332, 'Agailzhara', NULL, 47, 'active', NULL, NULL),
	(333, 'Babuganj', NULL, 47, 'active', NULL, NULL),
	(334, 'Barajalia', NULL, 47, 'active', NULL, NULL),
	(335, 'Barishal Sadar', NULL, 47, 'active', NULL, NULL),
	(336, 'Gouranadi', NULL, 47, 'active', NULL, NULL),
	(337, 'Mahendiganj', NULL, 47, 'active', NULL, NULL),
	(338, 'Muladi', NULL, 47, 'active', NULL, NULL),
	(339, 'Sahebganj', NULL, 47, 'active', NULL, NULL),
	(340, 'Uzirpur', NULL, 47, 'active', NULL, NULL),
	(341, 'Bhola Sadar', NULL, 48, 'active', NULL, NULL),
	(342, 'Borhanuddin UPO', NULL, 48, 'active', NULL, NULL),
	(343, 'Charfashion', NULL, 48, 'active', NULL, NULL),
	(344, 'Doulatkhan', NULL, 48, 'active', NULL, NULL),
	(345, 'Hajirhat', NULL, 48, 'active', NULL, NULL),
	(346, 'Hatshoshiganj', NULL, 48, 'active', NULL, NULL),
	(347, 'Lalmohan UPO', NULL, 48, 'active', NULL, NULL),
	(348, 'Jhalokathi Sadar', NULL, 49, 'active', NULL, NULL),
	(349, 'Kathalia', NULL, 49, 'active', NULL, NULL),
	(350, 'Nalchhiti', NULL, 49, 'active', NULL, NULL),
	(351, 'Rajapur', NULL, 49, 'active', NULL, NULL),
	(352, 'Bauphal', NULL, 50, 'active', NULL, NULL),
	(353, 'Dashmina', NULL, 50, 'active', NULL, NULL),
	(354, 'Galachipa', NULL, 50, 'active', NULL, NULL),
	(355, 'Khepupara', NULL, 50, 'active', NULL, NULL),
	(356, 'Patuakhali Sadar', NULL, 50, 'active', NULL, NULL),
	(357, 'Subidkhali', NULL, 50, 'active', NULL, NULL),
	(358, 'Banaripara', NULL, 51, 'active', NULL, NULL),
	(359, 'Bhandaria', NULL, 51, 'active', NULL, NULL),
	(360, 'kaukhali', NULL, 51, 'active', NULL, NULL),
	(361, 'Mathbaria', NULL, 51, 'active', NULL, NULL),
	(362, 'Nazirpur', NULL, 51, 'active', NULL, NULL),
	(363, 'Pirojpur Sadar', NULL, 51, 'active', NULL, NULL),
	(364, 'Swarupkathi', NULL, 51, 'active', NULL, NULL),
	(365, 'Alamdighi', NULL, 52, 'active', NULL, NULL),
	(366, 'Bogra Sadar', NULL, 52, 'active', NULL, NULL),
	(367, 'Dhunat', NULL, 52, 'active', NULL, NULL),
	(368, 'Dupchachia', NULL, 52, 'active', NULL, NULL),
	(369, 'Gabtoli', NULL, 52, 'active', NULL, NULL),
	(370, 'Kahalu', NULL, 52, 'active', NULL, NULL),
	(371, 'Nandigram', NULL, 52, 'active', NULL, NULL),
	(372, 'Sariakandi', NULL, 52, 'active', NULL, NULL),
	(373, 'Sherpur', NULL, 52, 'active', NULL, NULL),
	(374, 'Shibganj', NULL, 52, 'active', NULL, NULL),
	(375, 'Sonatola', NULL, 52, 'active', NULL, NULL),
	(376, 'Bholahat', NULL, 53, 'active', NULL, NULL),
	(377, 'Chapinawabganj Sadar', NULL, 53, 'active', NULL, NULL),
	(378, 'Nachol', NULL, 53, 'active', NULL, NULL),
	(379, 'Rohanpur', NULL, 53, 'active', NULL, NULL),
	(380, 'Shibganj U.P.O', NULL, 53, 'active', NULL, NULL),
	(381, 'Akkelpur', NULL, 54, 'active', NULL, NULL),
	(382, 'Joypurhat Sadar', NULL, 54, 'active', NULL, NULL),
	(383, 'kalai', NULL, 54, 'active', NULL, NULL),
	(384, 'Khetlal', NULL, 54, 'active', NULL, NULL),
	(385, 'panchbibi', NULL, 54, 'active', NULL, NULL),
	(386, 'Ahsanganj', NULL, 55, 'active', NULL, NULL),
	(387, 'Badalgachhi', NULL, 55, 'active', NULL, NULL),
	(388, 'Dhamuirhat', NULL, 55, 'active', NULL, NULL),
	(389, 'Mahadebpur', NULL, 55, 'active', NULL, NULL),
	(390, 'Naogaon Sadar', NULL, 55, 'active', NULL, NULL),
	(391, 'Niamatpur', NULL, 55, 'active', NULL, NULL),
	(392, 'Nitpur', NULL, 55, 'active', NULL, NULL),
	(393, 'Patnitala', NULL, 55, 'active', NULL, NULL),
	(394, 'Prasadpur', NULL, 55, 'active', NULL, NULL),
	(395, 'Raninagar', NULL, 55, 'active', NULL, NULL),
	(396, 'Sapahar', NULL, 55, 'active', NULL, NULL),
	(397, 'Gopalpur UPO', NULL, 56, 'active', NULL, NULL),
	(398, 'Harua', NULL, 56, 'active', NULL, NULL),
	(399, 'Hatgurudaspur', NULL, 56, 'active', NULL, NULL),
	(400, 'Laxman', NULL, 56, 'active', NULL, NULL),
	(401, 'Natore Sadar', NULL, 56, 'active', NULL, NULL),
	(402, 'Singra', NULL, 56, 'active', NULL, NULL),
	(403, 'Banwarinagar', NULL, 57, 'active', NULL, NULL),
	(404, 'Bera', NULL, 57, 'active', NULL, NULL),
	(405, 'Bhangura', NULL, 57, 'active', NULL, NULL),
	(406, 'Chatmohar', NULL, 57, 'active', NULL, NULL),
	(407, 'Debottar', NULL, 57, 'active', NULL, NULL),
	(408, 'Ishwardi', NULL, 57, 'active', NULL, NULL),
	(409, 'Pabna Sadar', NULL, 57, 'active', NULL, NULL),
	(410, 'Sathia', NULL, 57, 'active', NULL, NULL),
	(411, 'Sujanagar', NULL, 57, 'active', NULL, NULL),
	(412, 'Bagha', NULL, 58, 'active', NULL, NULL),
	(413, 'Bhabaniganj', NULL, 58, 'active', NULL, NULL),
	(414, 'Charghat', NULL, 58, 'active', NULL, NULL),
	(415, 'Durgapur', NULL, 58, 'active', NULL, NULL),
	(416, 'Godagari', NULL, 58, 'active', NULL, NULL),
	(417, 'Khod Mohanpur', NULL, 58, 'active', NULL, NULL),
	(418, 'Lalitganj', NULL, 58, 'active', NULL, NULL),
	(419, 'Putia', NULL, 58, 'active', NULL, NULL),
	(420, 'Rajshahi Sadar', NULL, 58, 'active', NULL, NULL),
	(421, 'Tanor', NULL, 58, 'active', NULL, NULL),
	(422, 'Baiddya Jam Toil', NULL, 59, 'active', NULL, NULL),
	(423, 'Belkuchi', NULL, 59, 'active', NULL, NULL),
	(424, 'Bangla Hili', NULL, 60, 'active', NULL, NULL),
	(425, 'Biral', NULL, 60, 'active', NULL, NULL),
	(426, 'Birampur', NULL, 60, 'active', NULL, NULL),
	(427, 'Birganj', NULL, 60, 'active', NULL, NULL),
	(428, 'Chrirbandar', NULL, 60, 'active', NULL, NULL),
	(429, 'Dinajpur Sadar', NULL, 60, 'active', NULL, NULL),
	(430, 'Khansama', NULL, 60, 'active', NULL, NULL),
	(431, 'Maharajganj', NULL, 60, 'active', NULL, NULL),
	(432, 'Nababganj', NULL, 60, 'active', NULL, NULL),
	(433, 'Osmanpur', NULL, 60, 'active', NULL, NULL),
	(434, 'Parbatipur', NULL, 60, 'active', NULL, NULL),
	(435, 'Phulbari', NULL, 60, 'active', NULL, NULL),
	(436, 'Setabganj', NULL, 60, 'active', NULL, NULL),
	(437, 'Bonarpara', NULL, 61, 'active', NULL, NULL),
	(438, 'Gaibandha Sadar', NULL, 61, 'active', NULL, NULL),
	(439, 'Gobindaganj', NULL, 61, 'active', NULL, NULL),
	(440, 'Palashbari', NULL, 61, 'active', NULL, NULL),
	(441, 'Phulchhari', NULL, 61, 'active', NULL, NULL),
	(442, 'Saadullapur', NULL, 61, 'active', NULL, NULL),
	(443, 'Sundarganj', NULL, 61, 'active', NULL, NULL),
	(444, 'Bhurungamari', NULL, 62, 'active', NULL, NULL),
	(445, 'Chilmari', NULL, 62, 'active', NULL, NULL),
	(446, 'Kurigram Sadar', NULL, 62, 'active', NULL, NULL),
	(447, 'Nageshwar', NULL, 62, 'active', NULL, NULL),
	(448, 'Rajarhat', NULL, 62, 'active', NULL, NULL),
	(449, 'Rajibpur', NULL, 62, 'active', NULL, NULL),
	(450, 'Roumari', NULL, 62, 'active', NULL, NULL),
	(451, 'Ulipur', NULL, 62, 'active', NULL, NULL),
	(452, 'Aditmari', NULL, 63, 'active', NULL, NULL),
	(453, 'Hatibandha', NULL, 63, 'active', NULL, NULL),
	(454, 'Lalmonirhat Sadar', NULL, 63, 'active', NULL, NULL),
	(455, 'Patgram', NULL, 63, 'active', NULL, NULL),
	(456, 'Tushbhandar', NULL, 63, 'active', NULL, NULL),
	(457, 'Dimla', NULL, 64, 'active', NULL, NULL),
	(458, 'Domar', NULL, 64, 'active', NULL, NULL),
	(459, 'Jaldhaka', NULL, 64, 'active', NULL, NULL),
	(460, 'Kishoriganj', NULL, 64, 'active', NULL, NULL),
	(461, 'Nilphamari Sadar', NULL, 64, 'active', NULL, NULL),
	(462, 'Syedpur', NULL, 64, 'active', NULL, NULL),
	(463, 'Boda', NULL, 65, 'active', NULL, NULL),
	(464, 'Chotto Dab', NULL, 65, 'active', NULL, NULL),
	(465, 'Dabiganj', NULL, 65, 'active', NULL, NULL),
	(466, 'Panchagra Sadar', NULL, 65, 'active', NULL, NULL),
	(467, 'Tetulia', NULL, 65, 'active', NULL, NULL),
	(468, 'Badarganj', NULL, 66, 'active', NULL, NULL),
	(469, 'Gangachara', NULL, 66, 'active', NULL, NULL),
	(470, 'Kaunia', NULL, 66, 'active', NULL, NULL),
	(471, 'Mithapukur', NULL, 66, 'active', NULL, NULL),
	(472, 'Pirgachha', NULL, 66, 'active', NULL, NULL),
	(473, 'Rangpur Sadar', NULL, 66, 'active', NULL, NULL),
	(474, 'Taraganj', NULL, 66, 'active', NULL, NULL),
	(475, 'Baliadangi', NULL, 67, 'active', NULL, NULL),
	(476, 'Jibanpur', NULL, 67, 'active', NULL, NULL),
	(477, 'Pirganj', NULL, 67, 'active', NULL, NULL),
	(478, 'Rani Sankail', NULL, 67, 'active', NULL, NULL),
	(479, 'Thakurgaon Sadar', NULL, 67, 'active', NULL, NULL);

-- Dumping structure for table golden-ispat-erp.post_offices
CREATE TABLE IF NOT EXISTS `post_offices` (
  `id` bigint unsigned NOT NULL AUTO_INCREMENT,
  `name` varchar(255) CHARACTER SET utf8mb4 COLLATE utf8mb4_unicode_ci DEFAULT NULL,
  `bangla` varchar(255) CHARACTER SET utf8mb4 COLLATE utf8mb4_unicode_ci DEFAULT NULL,
  `district_id` int DEFAULT NULL,
  `police_station_id` int DEFAULT NULL,
  `post_code` int DEFAULT NULL,
  `status` varchar(255) CHARACTER SET utf8mb4 COLLATE utf8mb4_unicode_ci NOT NULL DEFAULT 'active',
  `created_at` timestamp NULL DEFAULT NULL,
  `updated_at` timestamp NULL DEFAULT NULL,
  PRIMARY KEY (`id`)
) ENGINE=InnoDB AUTO_INCREMENT=2048 DEFAULT CHARSET=utf8mb4 COLLATE=utf8mb4_unicode_ci;

-- Dumping data for table golden-ispat-erp.post_offices: ~1,339 rows (approximately)
INSERT INTO `post_offices` (`id`, `name`, `bangla`, `district_id`, `police_station_id`, `post_code`, `status`, `created_at`, `updated_at`) VALUES
	(1, 'Demra', NULL, 1, 1, 1360, 'active', NULL, NULL),
	(2, 'Matuail', NULL, 1, 1, 1362, 'active', NULL, NULL),
	(3, 'Sarulia', NULL, 1, 1, 1361, 'active', NULL, NULL),
	(4, 'Dhaka CantonmentTSO', NULL, 1, 2, 1206, 'active', NULL, NULL),
	(5, 'Dhamrai', NULL, 1, 3, 1350, 'active', NULL, NULL),
	(6, 'Kamalpur', NULL, 1, 3, 1351, 'active', NULL, NULL),
	(7, 'Jigatala TSO', NULL, 1, 4, 1209, 'active', NULL, NULL),
	(8, 'Banani TSO', NULL, 1, 5, 1213, 'active', NULL, NULL),
	(9, 'Gulshan Model Town', NULL, 1, 5, 1212, 'active', NULL, NULL),
	(10, 'Dhania TSO', NULL, 1, 6, 1232, 'active', NULL, NULL),
	(11, 'Joypara', NULL, 1, 7, 1330, 'active', NULL, NULL),
	(12, 'Narisha', NULL, 1, 7, 1332, 'active', NULL, NULL),
	(13, 'Palamganj', NULL, 1, 7, 1331, 'active', NULL, NULL),
	(14, 'Ati', NULL, 1, 8, 1312, 'active', NULL, NULL),
	(15, 'Dhaka Jute Mills', NULL, 1, 8, 1311, 'active', NULL, NULL),
	(16, 'Kalatia', NULL, 1, 8, 1313, 'active', NULL, NULL),
	(17, 'Keraniganj', NULL, 1, 8, 1310, 'active', NULL, NULL),
	(18, 'KhilgaonTSO', NULL, 1, 9, 1219, 'active', NULL, NULL),
	(19, 'KhilkhetTSO', NULL, 1, 10, 1229, 'active', NULL, NULL),
	(20, 'Posta TSO', NULL, 1, 11, 1211, 'active', NULL, NULL),
	(21, 'Mirpur TSO', NULL, 34, 274, 1216, 'active', NULL, NULL),
	(22, 'Mirpur TSO', NULL, 1, 12, 1216, 'active', NULL, NULL),
	(23, 'Mohammadpur Housing', NULL, 35, 278, 1207, 'active', NULL, NULL),
	(24, 'Mohammadpur Housing', NULL, 1, 13, 1207, 'active', NULL, NULL),
	(25, 'Sangsad BhabanTSO', NULL, 35, 278, 1225, 'active', NULL, NULL),
	(26, 'Sangsad BhabanTSO', NULL, 1, 13, 1225, 'active', NULL, NULL),
	(27, 'BangabhabanTSO', NULL, 1, 14, 1222, 'active', NULL, NULL),
	(28, 'DilkushaTSO', NULL, 1, 14, 1223, 'active', NULL, NULL),
	(29, 'Agla', NULL, 1, 15, 1323, 'active', NULL, NULL),
	(30, 'Churain', NULL, 1, 15, 1325, 'active', NULL, NULL),
	(31, 'Daudpur', NULL, 1, 15, 1322, 'active', NULL, NULL),
	(32, 'Hasnabad', NULL, 1, 15, 1321, 'active', NULL, NULL),
	(33, 'Khalpar', NULL, 1, 15, 1324, 'active', NULL, NULL),
	(34, 'Nawabganj', NULL, 1, 15, 1320, 'active', NULL, NULL),
	(35, 'New Market TSO', NULL, 1, 16, 1205, 'active', NULL, NULL),
	(36, 'Dhaka GPO', NULL, 1, 17, 1000, 'active', NULL, NULL),
	(37, 'Shantinagr TSO', NULL, 1, 18, 1217, 'active', NULL, NULL),
	(38, 'Basabo TSO', NULL, 1, 19, 1214, 'active', NULL, NULL),
	(39, 'Amin Bazar', NULL, 1, 20, 1348, 'active', NULL, NULL),
	(40, 'Dairy Farm', NULL, 1, 20, 1341, 'active', NULL, NULL),
	(41, 'EPZ', NULL, 1, 20, 1349, 'active', NULL, NULL),
	(42, 'Jahangirnagar Univer', NULL, 1, 20, 1342, 'active', NULL, NULL),
	(43, 'Kashem Cotton Mills', NULL, 1, 20, 1346, 'active', NULL, NULL),
	(44, 'Rajphulbaria', NULL, 1, 20, 1347, 'active', NULL, NULL),
	(45, 'Savar', NULL, 1, 20, 1340, 'active', NULL, NULL),
	(46, 'Savar Canttonment', NULL, 1, 20, 1344, 'active', NULL, NULL),
	(47, 'Saver P.A.T.C', NULL, 1, 20, 1343, 'active', NULL, NULL),
	(48, 'Shimulia', NULL, 1, 20, 1345, 'active', NULL, NULL),
	(49, 'Dhaka Sadar HO', NULL, 1, 21, 1100, 'active', NULL, NULL),
	(50, 'Gendaria TSO', NULL, 1, 21, 1204, 'active', NULL, NULL),
	(51, 'Wari TSO', NULL, 1, 21, 1203, 'active', NULL, NULL),
	(52, 'Tejgaon TSO', NULL, 1, 22, 1215, 'active', NULL, NULL),
	(53, 'Dhaka Politechnic', NULL, 1, 23, 1208, 'active', NULL, NULL),
	(54, 'Uttara Model TwonTSO', NULL, 1, 24, 1230, 'active', NULL, NULL),
	(55, 'Alfadanga', NULL, 2, 25, 7870, 'active', NULL, NULL),
	(56, 'Bhanga', NULL, 2, 26, 7830, 'active', NULL, NULL),
	(57, 'Boalmari', NULL, 2, 27, 7860, 'active', NULL, NULL),
	(58, 'Rupatpat', NULL, 2, 27, 7861, 'active', NULL, NULL),
	(59, 'Charbadrashan', NULL, 2, 28, 7810, 'active', NULL, NULL),
	(60, 'Ambikapur', NULL, 2, 29, 7802, 'active', NULL, NULL),
	(61, 'Baitulaman Politecni', NULL, 2, 29, 7803, 'active', NULL, NULL),
	(62, 'Faridpursadar', NULL, 2, 29, 7800, 'active', NULL, NULL),
	(63, 'Kanaipur', NULL, 2, 29, 7801, 'active', NULL, NULL),
	(64, 'Kamarkali', NULL, 2, 30, 7851, 'active', NULL, NULL),
	(65, 'Madukhali', NULL, 2, 30, 7850, 'active', NULL, NULL),
	(66, 'Nagarkanda', NULL, 2, 31, 7840, 'active', NULL, NULL),
	(67, 'Talma', NULL, 2, 31, 7841, 'active', NULL, NULL),
	(68, 'Bishwa jaker Manjil', NULL, 2, 32, 7822, 'active', NULL, NULL),
	(69, 'Hat Krishapur', NULL, 2, 32, 7821, 'active', NULL, NULL),
	(70, 'Sadarpur', NULL, 2, 32, 7820, 'active', NULL, NULL),
	(71, 'Shriangan', NULL, 2, 33, 7804, 'active', NULL, NULL),
	(72, 'B.O.F', NULL, 3, 34, 1703, 'active', NULL, NULL),
	(73, 'B.R.R', NULL, 3, 34, 1701, 'active', NULL, NULL),
	(74, 'Chandna', NULL, 3, 34, 1702, 'active', NULL, NULL),
	(75, 'Gazipur Sadar', NULL, 3, 34, 1700, 'active', NULL, NULL),
	(76, 'National University', NULL, 3, 34, 1704, 'active', NULL, NULL),
	(77, 'Kaliakaar', NULL, 3, 35, 1750, 'active', NULL, NULL),
	(78, 'Safipur', NULL, 3, 35, 1751, 'active', NULL, NULL),
	(79, 'Kaliganj', NULL, 3, 36, 1720, 'active', NULL, NULL),
	(80, 'Pubail', NULL, 3, 36, 1721, 'active', NULL, NULL),
	(81, 'Santanpara', NULL, 3, 36, 1722, 'active', NULL, NULL),
	(82, 'Vaoal Jamalpur', NULL, 3, 36, 1723, 'active', NULL, NULL),
	(83, 'kapashia', NULL, 3, 37, 1730, 'active', NULL, NULL),
	(84, 'Ershad Nagar', NULL, 3, 38, 1712, 'active', NULL, NULL),
	(85, 'Monnunagar', NULL, 3, 38, 1710, 'active', NULL, NULL),
	(86, 'Nishat Nagar', NULL, 3, 38, 1711, 'active', NULL, NULL),
	(87, 'Barmi', NULL, 3, 39, 1743, 'active', NULL, NULL),
	(88, 'Bashamur', NULL, 3, 39, 1747, 'active', NULL, NULL),
	(89, 'Boubi', NULL, 3, 39, 1748, 'active', NULL, NULL),
	(90, 'Kawraid', NULL, 3, 39, 1745, 'active', NULL, NULL),
	(91, 'Satkhamair', NULL, 3, 39, 1744, 'active', NULL, NULL),
	(92, 'Sreepur', NULL, 3, 39, 1740, 'active', NULL, NULL),
	(93, 'Rajendrapur', NULL, 3, 40, 1741, 'active', NULL, NULL),
	(94, 'Rajendrapur Canttome', NULL, 3, 40, 1742, 'active', NULL, NULL),
	(95, 'Barfa', NULL, 4, 41, 8102, 'active', NULL, NULL),
	(96, 'Chandradighalia', NULL, 4, 41, 8013, 'active', NULL, NULL),
	(97, 'Gopalganj Sadar', NULL, 4, 41, 8100, 'active', NULL, NULL),
	(98, 'Ulpur', NULL, 4, 41, 8101, 'active', NULL, NULL),
	(99, 'Jonapur', NULL, 4, 42, 8133, 'active', NULL, NULL),
	(100, 'Kashiani', NULL, 4, 42, 8130, 'active', NULL, NULL),
	(101, 'Ramdia College', NULL, 4, 42, 8131, 'active', NULL, NULL),
	(102, 'Ratoil', NULL, 4, 42, 8132, 'active', NULL, NULL),
	(103, 'Kotalipara', NULL, 4, 43, 8110, 'active', NULL, NULL),
	(104, 'Batkiamari', NULL, 4, 44, 8141, 'active', NULL, NULL),
	(105, 'Khandarpara', NULL, 4, 44, 8142, 'active', NULL, NULL),
	(106, 'Maksudpur', NULL, 4, 44, 8140, 'active', NULL, NULL),
	(107, 'Patgati', NULL, 4, 45, 8121, 'active', NULL, NULL),
	(108, 'Tungipara', NULL, 4, 45, 8120, 'active', NULL, NULL),
	(109, 'Dewangonj', NULL, 5, 46, 2030, 'active', NULL, NULL),
	(110, 'Dewangonj S. Mills', NULL, 5, 46, 2031, 'active', NULL, NULL),
	(111, 'Durmoot', NULL, 5, 47, 2021, 'active', NULL, NULL),
	(112, 'Gilabari', NULL, 5, 47, 2022, 'active', NULL, NULL),
	(113, 'Islampur', NULL, 5, 47, 2020, 'active', NULL, NULL),
	(114, 'Jamalpur', NULL, 5, 48, 2000, 'active', NULL, NULL),
	(115, 'Nandina', NULL, 5, 48, 2001, 'active', NULL, NULL),
	(116, 'Narundi', NULL, 5, 48, 2002, 'active', NULL, NULL),
	(117, 'Jamalpur', NULL, 5, 49, 2011, 'active', NULL, NULL),
	(118, 'Mahmoodpur', NULL, 5, 49, 2013, 'active', NULL, NULL),
	(119, 'Malancha', NULL, 5, 49, 2012, 'active', NULL, NULL),
	(120, 'Malandah', NULL, 5, 49, 2010, 'active', NULL, NULL),
	(121, 'Balijhuri', NULL, 5, 50, 2041, 'active', NULL, NULL),
	(122, 'Mathargonj', NULL, 5, 50, 2040, 'active', NULL, NULL),
	(123, 'Bausee', NULL, 5, 51, 2052, 'active', NULL, NULL),
	(124, 'Gunerbari', NULL, 5, 51, 2051, 'active', NULL, NULL),
	(125, 'Jagannath Ghat', NULL, 5, 51, 2053, 'active', NULL, NULL),
	(126, 'Jamuna Sar Karkhana', NULL, 5, 51, 2055, 'active', NULL, NULL),
	(127, 'Pingna', NULL, 5, 51, 2054, 'active', NULL, NULL),
	(128, 'Shorishabari', NULL, 5, 51, 2050, 'active', NULL, NULL),
	(129, 'Bajitpur', NULL, 6, 52, 2336, 'active', NULL, NULL),
	(130, 'Laksmipur', NULL, 6, 52, 2338, 'active', NULL, NULL),
	(131, 'Sararchar', NULL, 6, 52, 2337, 'active', NULL, NULL),
	(132, 'Bhairab', NULL, 6, 53, 2350, 'active', NULL, NULL),
	(133, 'Hossenpur', NULL, 6, 54, 2320, 'active', NULL, NULL),
	(134, 'Itna', NULL, 6, 55, 2390, 'active', NULL, NULL),
	(135, 'Karimganj', NULL, 6, 56, 2310, 'active', NULL, NULL),
	(136, 'Gochhihata', NULL, 6, 57, 2331, 'active', NULL, NULL),
	(137, 'Katiadi', NULL, 6, 57, 2330, 'active', NULL, NULL),
	(138, 'Kishoreganj S.Mills', NULL, 6, 58, 2301, 'active', NULL, NULL),
	(139, 'Kishoreganj Sadar', NULL, 6, 58, 2300, 'active', NULL, NULL),
	(140, 'Maizhati', NULL, 6, 58, 2302, 'active', NULL, NULL),
	(141, 'Nilganj', NULL, 6, 58, 2303, 'active', NULL, NULL),
	(142, 'Chhoysuti', NULL, 6, 59, 2341, 'active', NULL, NULL),
	(143, 'Kuliarchar', NULL, 6, 59, 2340, 'active', NULL, NULL),
	(144, 'Abdullahpur', NULL, 6, 60, 2371, 'active', NULL, NULL),
	(145, 'MIthamoin', NULL, 6, 60, 2370, 'active', NULL, NULL),
	(146, 'Nikli', NULL, 6, 61, 2360, 'active', NULL, NULL),
	(147, 'Ostagram', NULL, 6, 62, 2380, 'active', NULL, NULL),
	(148, 'Pakundia', NULL, 6, 63, 2326, 'active', NULL, NULL),
	(149, 'Tarial', NULL, 6, 64, 2316, 'active', NULL, NULL),
	(150, 'Bahadurpur', NULL, 7, 65, 7932, 'active', NULL, NULL),
	(151, 'Barhamganj', NULL, 7, 65, 7930, 'active', NULL, NULL),
	(152, 'Nilaksmibandar', NULL, 7, 65, 7931, 'active', NULL, NULL),
	(153, 'Umedpur', NULL, 7, 65, 7933, 'active', NULL, NULL),
	(154, 'Kalkini', NULL, 7, 66, 7920, 'active', NULL, NULL),
	(155, 'Sahabrampur', NULL, 7, 66, 7921, 'active', NULL, NULL),
	(156, 'Charmugria', NULL, 7, 67, 7901, 'active', NULL, NULL),
	(157, 'Habiganj', NULL, 7, 67, 7903, 'active', NULL, NULL),
	(158, 'Kulpaddi', NULL, 7, 67, 7902, 'active', NULL, NULL),
	(159, 'Madaripur Sadar', NULL, 7, 67, 7900, 'active', NULL, NULL),
	(160, 'Mustafapur', NULL, 7, 67, 7904, 'active', NULL, NULL),
	(161, 'Khalia', NULL, 7, 68, 7911, 'active', NULL, NULL),
	(162, 'Rajoir', NULL, 7, 68, 7910, 'active', NULL, NULL),
	(163, 'Doulatpur', NULL, 8, 69, 1860, 'active', NULL, NULL),
	(164, 'Gheor', NULL, 8, 70, 1840, 'active', NULL, NULL),
	(165, 'Jhitka', NULL, 8, 71, 1831, 'active', NULL, NULL),
	(166, 'Lechhraganj', NULL, 8, 71, 1830, 'active', NULL, NULL),
	(167, 'Barangail', NULL, 8, 72, 1804, 'active', NULL, NULL),
	(168, 'Gorpara', NULL, 8, 72, 1802, 'active', NULL, NULL),
	(169, 'Mahadebpur', NULL, 8, 72, 1803, 'active', NULL, NULL),
	(170, 'Manikganj Bazar', NULL, 8, 72, 1801, 'active', NULL, NULL),
	(171, 'Manikganj Sadar', NULL, 8, 72, 1800, 'active', NULL, NULL),
	(172, 'Baliati', NULL, 8, 73, 1811, 'active', NULL, NULL),
	(173, 'Saturia', NULL, 8, 73, 1810, 'active', NULL, NULL),
	(174, 'Aricha', NULL, 8, 74, 1851, 'active', NULL, NULL),
	(175, 'Shibaloy', NULL, 8, 74, 1850, 'active', NULL, NULL),
	(176, 'Tewta', NULL, 8, 74, 1852, 'active', NULL, NULL),
	(177, 'Uthli', NULL, 8, 74, 1853, 'active', NULL, NULL),
	(178, 'Baira', NULL, 8, 75, 1821, 'active', NULL, NULL),
	(179, 'joymantop', NULL, 8, 75, 1822, 'active', NULL, NULL),
	(180, 'Singair', NULL, 8, 75, 1820, 'active', NULL, NULL),
	(181, 'Gajaria', NULL, 9, 76, 1510, 'active', NULL, NULL),
	(182, 'Hossendi', NULL, 9, 76, 1511, 'active', NULL, NULL),
	(183, 'Rasulpur', NULL, 9, 76, 1512, 'active', NULL, NULL),
	(184, 'Gouragonj', NULL, 9, 77, 1334, 'active', NULL, NULL),
	(185, 'Gouragonj', NULL, 9, 77, 1534, 'active', NULL, NULL),
	(186, 'Haldia SO', NULL, 9, 77, 1532, 'active', NULL, NULL),
	(187, 'Haridia', NULL, 9, 77, 1333, 'active', NULL, NULL),
	(188, 'Haridia DESO', NULL, 9, 77, 1533, 'active', NULL, NULL),
	(189, 'Korhati', NULL, 9, 77, 1531, 'active', NULL, NULL),
	(190, 'Lohajang', NULL, 9, 77, 1530, 'active', NULL, NULL),
	(191, 'Madini Mandal', NULL, 9, 77, 1335, 'active', NULL, NULL),
	(192, 'Medini Mandal EDSO', NULL, 9, 77, 1535, 'active', NULL, NULL),
	(193, 'Kathakhali', NULL, 9, 78, 1503, 'active', NULL, NULL),
	(194, 'Mirkadim', NULL, 9, 78, 1502, 'active', NULL, NULL),
	(195, 'Munshiganj Sadar', NULL, 9, 78, 1500, 'active', NULL, NULL),
	(196, 'Rikabibazar', NULL, 9, 78, 1501, 'active', NULL, NULL),
	(197, 'Ichapur', NULL, 9, 79, 1542, 'active', NULL, NULL),
	(198, 'Kola', NULL, 9, 79, 1541, 'active', NULL, NULL),
	(199, 'Malkha Nagar', NULL, 9, 79, 1543, 'active', NULL, NULL),
	(200, 'Shekher Nagar', NULL, 9, 79, 1544, 'active', NULL, NULL),
	(201, 'Sirajdikhan', NULL, 9, 79, 1540, 'active', NULL, NULL),
	(202, 'Baghra', NULL, 9, 80, 1557, 'active', NULL, NULL),
	(203, 'Barikhal', NULL, 9, 80, 1551, 'active', NULL, NULL),
	(204, 'Bhaggyakul', NULL, 9, 80, 1558, 'active', NULL, NULL),
	(205, 'Hashara', NULL, 9, 80, 1553, 'active', NULL, NULL),
	(206, 'Kolapara', NULL, 9, 80, 1554, 'active', NULL, NULL),
	(207, 'Kumarbhog', NULL, 9, 80, 1555, 'active', NULL, NULL),
	(208, 'Mazpara', NULL, 9, 80, 1552, 'active', NULL, NULL),
	(209, 'Srinagar', NULL, 9, 80, 1550, 'active', NULL, NULL),
	(210, 'Vaggyakul SO', NULL, 9, 80, 1556, 'active', NULL, NULL),
	(211, 'Bajrajugini', NULL, 9, 81, 1523, 'active', NULL, NULL),
	(212, 'Baligao', NULL, 9, 81, 1522, 'active', NULL, NULL),
	(213, 'Betkahat', NULL, 9, 81, 1521, 'active', NULL, NULL),
	(214, 'Dighirpar', NULL, 9, 81, 1525, 'active', NULL, NULL),
	(215, 'Hasail', NULL, 9, 81, 1524, 'active', NULL, NULL),
	(216, 'Pura', NULL, 9, 81, 1527, 'active', NULL, NULL),
	(217, 'Pura EDSO', NULL, 9, 81, 1526, 'active', NULL, NULL),
	(218, 'Tangibari', NULL, 9, 81, 1520, 'active', NULL, NULL),
	(219, 'Bhaluka', NULL, 10, 82, 2240, 'active', NULL, NULL),
	(220, 'Fulbaria', NULL, 10, 83, 2216, 'active', NULL, NULL),
	(221, 'Duttarbazar', NULL, 10, 84, 2234, 'active', NULL, NULL),
	(222, 'Gaforgaon', NULL, 10, 84, 2230, 'active', NULL, NULL),
	(223, 'Kandipara', NULL, 10, 84, 2233, 'active', NULL, NULL),
	(224, 'Shibganj', NULL, 10, 84, 2231, 'active', NULL, NULL),
	(225, 'Usti', NULL, 10, 84, 2232, 'active', NULL, NULL),
	(226, 'Gouripur', NULL, 10, 85, 2270, 'active', NULL, NULL),
	(227, 'Ramgopalpur', NULL, 10, 85, 2271, 'active', NULL, NULL),
	(228, 'Dhara', NULL, 10, 86, 2261, 'active', NULL, NULL),
	(229, 'Haluaghat', NULL, 10, 86, 2260, 'active', NULL, NULL),
	(230, 'Munshirhat', NULL, 10, 86, 2262, 'active', NULL, NULL),
	(231, 'Atharabari', NULL, 10, 87, 2282, 'active', NULL, NULL),
	(232, 'Isshwargonj', NULL, 10, 87, 2280, 'active', NULL, NULL),
	(233, 'Sohagi', NULL, 10, 87, 2281, 'active', NULL, NULL),
	(234, 'Muktagachha', NULL, 10, 88, 2210, 'active', NULL, NULL),
	(235, 'Agriculture Universi', NULL, 10, 89, 2202, 'active', NULL, NULL),
	(236, 'Biddyaganj', NULL, 10, 89, 2204, 'active', NULL, NULL),
	(237, 'Kawatkhali', NULL, 10, 89, 2201, 'active', NULL, NULL),
	(238, 'Mymensingh Sadar', NULL, 10, 89, 2200, 'active', NULL, NULL),
	(239, 'Pearpur', NULL, 10, 89, 2205, 'active', NULL, NULL),
	(240, 'Shombhuganj', NULL, 10, 89, 2203, 'active', NULL, NULL),
	(241, 'Gangail', NULL, 10, 90, 2291, 'active', NULL, NULL),
	(242, 'Nandail', NULL, 10, 90, 2290, 'active', NULL, NULL),
	(243, 'Beltia', NULL, 10, 91, 2251, 'active', NULL, NULL),
	(244, 'Phulpur', NULL, 10, 91, 2250, 'active', NULL, NULL),
	(245, 'Tarakanda', NULL, 10, 91, 2252, 'active', NULL, NULL),
	(246, 'Ahmadbad', NULL, 10, 92, 2221, 'active', NULL, NULL),
	(247, 'Dhala', NULL, 10, 92, 2223, 'active', NULL, NULL),
	(248, 'Ram Amritaganj', NULL, 10, 92, 2222, 'active', NULL, NULL),
	(249, 'Trishal', NULL, 10, 92, 2220, 'active', NULL, NULL),
	(250, 'Araihazar', NULL, 11, 93, 1450, 'active', NULL, NULL),
	(251, 'Gopaldi', NULL, 11, 93, 1451, 'active', NULL, NULL),
	(252, 'Baidder Bazar', NULL, 11, 94, 1440, 'active', NULL, NULL),
	(253, 'Bara Nagar', NULL, 11, 94, 1441, 'active', NULL, NULL),
	(254, 'Barodi', NULL, 11, 94, 1442, 'active', NULL, NULL),
	(255, 'Bandar', NULL, 11, 95, 1410, 'active', NULL, NULL),
	(256, 'BIDS', NULL, 11, 95, 1413, 'active', NULL, NULL),
	(257, 'D.C Mills', NULL, 11, 95, 1411, 'active', NULL, NULL),
	(258, 'Madanganj', NULL, 11, 95, 1414, 'active', NULL, NULL),
	(259, 'Nabiganj', NULL, 11, 95, 1412, 'active', NULL, NULL),
	(260, 'Fatulla Bazar', NULL, 11, 96, 1421, 'active', NULL, NULL),
	(261, 'Fatullah', NULL, 11, 96, 1420, 'active', NULL, NULL),
	(262, 'Narayanganj Sadar', NULL, 11, 97, 1400, 'active', NULL, NULL),
	(263, 'Bhulta', NULL, 11, 98, 1462, 'active', NULL, NULL),
	(264, 'Kanchan', NULL, 11, 98, 1461, 'active', NULL, NULL),
	(265, 'Murapara', NULL, 11, 98, 1464, 'active', NULL, NULL),
	(266, 'Nagri', NULL, 11, 98, 1463, 'active', NULL, NULL),
	(267, 'Rupganj', NULL, 11, 98, 1460, 'active', NULL, NULL),
	(268, 'Adamjeenagar', NULL, 11, 99, 1431, 'active', NULL, NULL),
	(269, 'LN Mills', NULL, 11, 99, 1432, 'active', NULL, NULL),
	(270, 'Siddirganj', NULL, 11, 99, 1430, 'active', NULL, NULL),
	(271, 'Belabo', NULL, 12, 100, 1640, 'active', NULL, NULL),
	(272, 'Hatirdia', NULL, 12, 101, 1651, 'active', NULL, NULL),
	(273, 'Katabaria', NULL, 12, 101, 1652, 'active', NULL, NULL),
	(274, 'Monohordi', NULL, 12, 101, 1650, 'active', NULL, NULL),
	(275, 'Karimpur', NULL, 12, 102, 1605, 'active', NULL, NULL),
	(276, 'Madhabdi', NULL, 12, 102, 1604, 'active', NULL, NULL),
	(277, 'Narshingdi College', NULL, 12, 102, 1602, 'active', NULL, NULL),
	(278, 'Narshingdi Sadar', NULL, 12, 102, 1600, 'active', NULL, NULL),
	(279, 'Panchdona', NULL, 12, 102, 1603, 'active', NULL, NULL),
	(280, 'UMC Jute Mills', NULL, 12, 102, 1601, 'active', NULL, NULL),
	(281, 'Char Sindhur', NULL, 12, 103, 1612, 'active', NULL, NULL),
	(282, 'Ghorashal', NULL, 12, 103, 1613, 'active', NULL, NULL),
	(283, 'Ghorashal Urea Facto', NULL, 12, 103, 1611, 'active', NULL, NULL),
	(284, 'Palash', NULL, 12, 103, 1610, 'active', NULL, NULL),
	(285, 'Bazar Hasnabad', NULL, 12, 104, 1631, 'active', NULL, NULL),
	(286, 'Radhaganj bazar', NULL, 12, 104, 1632, 'active', NULL, NULL),
	(287, 'Raypura', NULL, 12, 104, 1630, 'active', NULL, NULL),
	(288, 'Shibpur', NULL, 12, 105, 1620, 'active', NULL, NULL),
	(289, 'Susnng Durgapur', NULL, 13, 106, 2420, 'active', NULL, NULL),
	(290, 'Atpara', NULL, 13, 107, 2470, 'active', NULL, NULL),
	(291, 'Barhatta', NULL, 13, 108, 2440, 'active', NULL, NULL),
	(292, 'Dharampasha', NULL, 13, 109, 2450, 'active', NULL, NULL),
	(293, 'Dhobaura', NULL, 13, 110, 2416, 'active', NULL, NULL),
	(294, 'Sakoai', NULL, 13, 110, 2417, 'active', NULL, NULL),
	(295, 'Kalmakanda', NULL, 13, 111, 2430, 'active', NULL, NULL),
	(296, 'Kendua', NULL, 13, 112, 2480, 'active', NULL, NULL),
	(297, 'Khaliajhri', NULL, 13, 113, 2460, 'active', NULL, NULL),
	(298, 'Shaldigha', NULL, 13, 113, 2462, 'active', NULL, NULL),
	(299, 'Madan', NULL, 13, 114, 2490, 'active', NULL, NULL),
	(300, 'Moddoynagar', NULL, 13, 115, 2456, 'active', NULL, NULL),
	(301, 'Mohanganj', NULL, 13, 116, 2446, 'active', NULL, NULL),
	(302, 'Baikherhati', NULL, 13, 117, 2401, 'active', NULL, NULL),
	(303, 'Netrakona Sadar', NULL, 13, 117, 2400, 'active', NULL, NULL),
	(304, 'Jaria Jhanjhail', NULL, 13, 118, 2412, 'active', NULL, NULL),
	(305, 'Purbadhola', NULL, 13, 118, 2410, 'active', NULL, NULL),
	(306, 'Shamgonj', NULL, 13, 118, 2411, 'active', NULL, NULL),
	(307, 'Baliakandi', NULL, 14, 119, 7730, 'active', NULL, NULL),
	(308, 'Nalia', NULL, 14, 119, 7731, 'active', NULL, NULL),
	(309, 'Mrigibazar', NULL, 14, 120, 7723, 'active', NULL, NULL),
	(310, 'Pangsha', NULL, 14, 120, 7720, 'active', NULL, NULL),
	(311, 'Ramkol', NULL, 14, 120, 7721, 'active', NULL, NULL),
	(312, 'Ratandia', NULL, 14, 120, 7722, 'active', NULL, NULL),
	(313, 'Goalanda', NULL, 14, 121, 7710, 'active', NULL, NULL),
	(314, 'Khankhanapur', NULL, 14, 121, 7711, 'active', NULL, NULL),
	(315, 'Rajbari Sadar', NULL, 14, 121, 7700, 'active', NULL, NULL),
	(316, 'Bhedorganj', NULL, 15, 122, 8030, 'active', NULL, NULL),
	(317, 'Damudhya', NULL, 15, 123, 8040, 'active', NULL, NULL),
	(318, 'Gosairhat', NULL, 15, 124, 8050, 'active', NULL, NULL),
	(319, 'Jajira', NULL, 15, 125, 8010, 'active', NULL, NULL),
	(320, 'Bhozeshwar', NULL, 15, 126, 8021, 'active', NULL, NULL),
	(321, 'Gharisar', NULL, 15, 126, 8022, 'active', NULL, NULL),
	(322, 'Kartikpur', NULL, 15, 126, 8024, 'active', NULL, NULL),
	(323, 'Naria', NULL, 15, 126, 8020, 'active', NULL, NULL),
	(324, 'Upshi', NULL, 15, 126, 8023, 'active', NULL, NULL),
	(325, 'Angaria', NULL, 15, 127, 8001, 'active', NULL, NULL),
	(326, 'Chikandi', NULL, 15, 127, 8002, 'active', NULL, NULL),
	(327, 'Shariatpur Sadar', NULL, 15, 127, 8000, 'active', NULL, NULL),
	(328, 'Bakshigonj', NULL, 16, 128, 2140, 'active', NULL, NULL),
	(329, 'Jhinaigati', NULL, 16, 129, 2120, 'active', NULL, NULL),
	(330, 'Gonopaddi', NULL, 16, 130, 2151, 'active', NULL, NULL),
	(331, 'Nakla', NULL, 16, 130, 2150, 'active', NULL, NULL),
	(332, 'Hatibandha', NULL, 16, 131, 2111, 'active', NULL, NULL),
	(333, 'Nalitabari', NULL, 16, 131, 2110, 'active', NULL, NULL),
	(334, 'Sherpur Shadar', NULL, 16, 132, 2100, 'active', NULL, NULL),
	(335, 'Shribardi', NULL, 16, 133, 2130, 'active', NULL, NULL),
	(336, 'Basail', NULL, 17, 134, 1920, 'active', NULL, NULL),
	(337, 'Bhuapur', NULL, 17, 135, 1960, 'active', NULL, NULL),
	(338, 'Delduar', NULL, 17, 136, 1910, 'active', NULL, NULL),
	(339, 'Elasin', NULL, 17, 136, 1913, 'active', NULL, NULL),
	(340, 'Hinga Nagar', NULL, 17, 136, 1914, 'active', NULL, NULL),
	(341, 'Jangalia', NULL, 17, 136, 1911, 'active', NULL, NULL),
	(342, 'Lowhati', NULL, 17, 136, 1915, 'active', NULL, NULL),
	(343, 'Patharail', NULL, 17, 136, 1912, 'active', NULL, NULL),
	(344, 'D. Pakutia', NULL, 17, 137, 1982, 'active', NULL, NULL),
	(345, 'Dhalapara', NULL, 17, 137, 1983, 'active', NULL, NULL),
	(346, 'Ghatial', NULL, 17, 137, 1980, 'active', NULL, NULL),
	(347, 'Lohani', NULL, 17, 137, 1984, 'active', NULL, NULL),
	(348, 'Zahidganj', NULL, 17, 137, 1981, 'active', NULL, NULL),
	(349, 'Gopalpur', NULL, 17, 138, 1990, 'active', NULL, NULL),
	(350, 'Hemnagar', NULL, 17, 138, 1992, 'active', NULL, NULL),
	(351, 'Jhowail', NULL, 17, 138, 1991, 'active', NULL, NULL),
	(352, 'Ballabazar', NULL, 17, 139, 1973, 'active', NULL, NULL),
	(353, 'Elinga', NULL, 17, 139, 1974, 'active', NULL, NULL),
	(354, 'Kalihati', NULL, 17, 139, 1970, 'active', NULL, NULL),
	(355, 'Nagarbari', NULL, 17, 139, 1977, 'active', NULL, NULL),
	(356, 'Nagarbari SO', NULL, 17, 139, 1976, 'active', NULL, NULL),
	(357, 'Nagbari', NULL, 17, 139, 1972, 'active', NULL, NULL),
	(358, 'Palisha', NULL, 17, 139, 1975, 'active', NULL, NULL),
	(359, 'Rajafair', NULL, 17, 139, 1971, 'active', NULL, NULL),
	(360, 'Kashkawlia', NULL, 17, 140, 1930, 'active', NULL, NULL),
	(361, 'Dhobari', NULL, 17, 141, 1997, 'active', NULL, NULL),
	(362, 'Madhupur', NULL, 17, 141, 1996, 'active', NULL, NULL),
	(363, 'Gorai', NULL, 17, 142, 1941, 'active', NULL, NULL),
	(364, 'Jarmuki', NULL, 17, 142, 1944, 'active', NULL, NULL),
	(365, 'M.C. College', NULL, 17, 142, 1942, 'active', NULL, NULL),
	(366, 'Mirzapur', NULL, 17, 142, 1940, 'active', NULL, NULL),
	(367, 'Mohera', NULL, 17, 142, 1945, 'active', NULL, NULL),
	(368, 'Warri paikpara', NULL, 17, 142, 1943, 'active', NULL, NULL),
	(369, 'Dhuburia', NULL, 17, 143, 1937, 'active', NULL, NULL),
	(370, 'Nagarpur', NULL, 17, 143, 1936, 'active', NULL, NULL),
	(371, 'Salimabad', NULL, 17, 143, 1938, 'active', NULL, NULL),
	(372, 'Kochua', NULL, 17, 144, 1951, 'active', NULL, NULL),
	(373, 'Sakhipur', NULL, 17, 144, 1950, 'active', NULL, NULL),
	(374, 'Kagmari', NULL, 17, 145, 1901, 'active', NULL, NULL),
	(375, 'Korotia', NULL, 17, 145, 1903, 'active', NULL, NULL),
	(376, 'Purabari', NULL, 17, 145, 1904, 'active', NULL, NULL),
	(377, 'Santosh', NULL, 17, 145, 1902, 'active', NULL, NULL),
	(378, 'Tangail Sadar', NULL, 17, 145, 1900, 'active', NULL, NULL),
	(379, 'Alikadam', NULL, 18, 146, 4650, 'active', NULL, NULL),
	(380, 'Bandarban Sadar', NULL, 18, 147, 4600, 'active', NULL, NULL),
	(381, 'Naikhong', NULL, 18, 148, 4660, 'active', NULL, NULL),
	(382, 'Roanchhari', NULL, 18, 149, 4610, 'active', NULL, NULL),
	(383, 'Ruma', NULL, 18, 150, 4620, 'active', NULL, NULL),
	(384, 'Lama', NULL, 18, 151, 4641, 'active', NULL, NULL),
	(385, 'Thanchi', NULL, 18, 151, 4630, 'active', NULL, NULL),
	(386, 'Akhaura', NULL, 19, 152, 3450, 'active', NULL, NULL),
	(387, 'Azampur', NULL, 19, 152, 3451, 'active', NULL, NULL),
	(388, 'Gangasagar', NULL, 19, 152, 3452, 'active', NULL, NULL),
	(389, 'Banchharampur', NULL, 19, 153, 3420, 'active', NULL, NULL),
	(390, 'Ashuganj', NULL, 19, 154, 3402, 'active', NULL, NULL),
	(391, 'Ashuganj Share', NULL, 19, 154, 3403, 'active', NULL, NULL),
	(392, 'Brahamanbaria Sadar', NULL, 19, 154, 3400, 'active', NULL, NULL),
	(393, 'Poun', NULL, 19, 154, 3404, 'active', NULL, NULL),
	(394, 'Talshahar', NULL, 19, 154, 3401, 'active', NULL, NULL),
	(395, 'Chandidar', NULL, 19, 155, 3462, 'active', NULL, NULL),
	(396, 'Chargachh', NULL, 19, 155, 3463, 'active', NULL, NULL),
	(397, 'Gopinathpur', NULL, 19, 155, 3464, 'active', NULL, NULL),
	(398, 'Kasba', NULL, 19, 155, 3460, 'active', NULL, NULL),
	(399, 'Kuti', NULL, 19, 155, 3461, 'active', NULL, NULL),
	(400, 'Jibanganj', NULL, 19, 156, 3419, 'active', NULL, NULL),
	(401, 'Kaitala', NULL, 19, 156, 3417, 'active', NULL, NULL),
	(402, 'Laubfatehpur', NULL, 19, 156, 3411, 'active', NULL, NULL),
	(403, 'Nabinagar', NULL, 19, 156, 3410, 'active', NULL, NULL),
	(404, 'Rasullabad', NULL, 19, 156, 3412, 'active', NULL, NULL),
	(405, 'Ratanpur', NULL, 19, 156, 3414, 'active', NULL, NULL),
	(406, 'Salimganj', NULL, 19, 156, 3418, 'active', NULL, NULL),
	(407, 'Shahapur', NULL, 19, 156, 3415, 'active', NULL, NULL),
	(408, 'Shamgram', NULL, 19, 156, 3413, 'active', NULL, NULL),
	(409, 'Fandauk', NULL, 19, 157, 3441, 'active', NULL, NULL),
	(410, 'Nasirnagar', NULL, 19, 157, 3440, 'active', NULL, NULL),
	(411, 'Chandura', NULL, 19, 158, 3432, 'active', NULL, NULL),
	(412, 'Sarial', NULL, 19, 158, 3430, 'active', NULL, NULL),
	(413, 'Shahbajpur', NULL, 19, 158, 3431, 'active', NULL, NULL),
	(414, 'Baburhat', NULL, 20, 159, 3602, 'active', NULL, NULL),
	(415, 'Chandpur Sadar', NULL, 20, 159, 3600, 'active', NULL, NULL),
	(416, 'Puranbazar', NULL, 20, 159, 3601, 'active', NULL, NULL),
	(417, 'Sahatali', NULL, 20, 159, 3603, 'active', NULL, NULL),
	(418, 'Chandra', NULL, 20, 160, 3651, 'active', NULL, NULL),
	(419, 'Faridganj', NULL, 20, 160, 3650, 'active', NULL, NULL),
	(420, 'Gridkaliandia', NULL, 20, 160, 3653, 'active', NULL, NULL),
	(421, 'Islampur Shah Isain', NULL, 20, 160, 3655, 'active', NULL, NULL),
	(422, 'Rampurbazar', NULL, 20, 160, 3654, 'active', NULL, NULL),
	(423, 'Rupsha', NULL, 20, 160, 3652, 'active', NULL, NULL),
	(424, 'Bolakhal', NULL, 20, 161, 3611, 'active', NULL, NULL),
	(425, 'Hajiganj', NULL, 20, 161, 3610, 'active', NULL, NULL),
	(426, 'Gandamara', NULL, 20, 162, 3661, 'active', NULL, NULL),
	(427, 'Hayemchar', NULL, 20, 162, 3660, 'active', NULL, NULL),
	(428, 'Kachua', NULL, 20, 163, 3630, 'active', NULL, NULL),
	(429, 'Pak Shrirampur', NULL, 20, 163, 3631, 'active', NULL, NULL),
	(430, 'Rahima Nagar', NULL, 20, 163, 3632, 'active', NULL, NULL),
	(431, 'Shachar', NULL, 20, 163, 3633, 'active', NULL, NULL),
	(432, 'Kalipur', NULL, 20, 164, 3642, 'active', NULL, NULL),
	(433, 'Matlobganj', NULL, 20, 164, 3640, 'active', NULL, NULL),
	(434, 'Mohanpur', NULL, 20, 164, 3641, 'active', NULL, NULL),
	(435, 'Chotoshi', NULL, 20, 165, 3623, 'active', NULL, NULL),
	(436, 'Islamia Madrasha', NULL, 20, 165, 3624, 'active', NULL, NULL),
	(437, 'Khilabazar', NULL, 20, 165, 3621, 'active', NULL, NULL),
	(438, 'Pashchim Kherihar Al', NULL, 20, 165, 3622, 'active', NULL, NULL),
	(439, 'Shahrasti', NULL, 20, 165, 3620, 'active', NULL, NULL),
	(440, 'Anowara', NULL, 21, 166, 4376, 'active', NULL, NULL),
	(441, 'Battali', NULL, 21, 166, 4378, 'active', NULL, NULL),
	(442, 'Paroikora', NULL, 21, 166, 4377, 'active', NULL, NULL),
	(443, 'Boalkhali', NULL, 21, 167, 4366, 'active', NULL, NULL),
	(444, 'Charandwip', NULL, 21, 167, 4369, 'active', NULL, NULL),
	(445, 'Iqbal Park', NULL, 21, 167, 4365, 'active', NULL, NULL),
	(446, 'Kadurkhal', NULL, 21, 167, 4368, 'active', NULL, NULL),
	(447, 'Kanungopara', NULL, 21, 167, 4363, 'active', NULL, NULL),
	(448, 'Sakpura', NULL, 21, 167, 4367, 'active', NULL, NULL),
	(449, 'Saroatoli', NULL, 21, 167, 4364, 'active', NULL, NULL),
	(450, 'Al- Amin Baria Madra', NULL, 21, 168, 4221, 'active', NULL, NULL),
	(451, 'Amin Jute Mills', NULL, 21, 168, 4211, 'active', NULL, NULL),
	(452, 'Anandabazar', NULL, 21, 168, 4215, 'active', NULL, NULL),
	(453, 'Bayezid Bostami', NULL, 21, 168, 4210, 'active', NULL, NULL),
	(454, 'Chandgaon', NULL, 21, 168, 4212, 'active', NULL, NULL),
	(455, 'Chawkbazar', NULL, 21, 168, 4203, 'active', NULL, NULL),
	(456, 'Chitt. Cantonment', NULL, 21, 168, 4220, 'active', NULL, NULL),
	(457, 'Chitt. Customs Acca', NULL, 21, 168, 4219, 'active', NULL, NULL),
	(458, 'Chitt. Politechnic In', NULL, 21, 168, 4209, 'active', NULL, NULL),
	(459, 'Chitt. Sailers Colon', NULL, 21, 168, 4218, 'active', NULL, NULL),
	(460, 'Chittagong Airport', NULL, 21, 168, 4205, 'active', NULL, NULL),
	(461, 'Chittagong Bandar', NULL, 21, 168, 4100, 'active', NULL, NULL),
	(462, 'Chittagong GPO', NULL, 21, 168, 4000, 'active', NULL, NULL),
	(463, 'Export Processing', NULL, 21, 168, 4223, 'active', NULL, NULL),
	(464, 'Firozshah', NULL, 21, 168, 4207, 'active', NULL, NULL),
	(465, 'Halishahar', NULL, 21, 168, 4216, 'active', NULL, NULL),
	(466, 'Halishshar', NULL, 21, 168, 4225, 'active', NULL, NULL),
	(467, 'Jalalabad', NULL, 21, 168, 4214, 'active', NULL, NULL),
	(468, 'Jaldia Merine Accade', NULL, 21, 168, 4206, 'active', NULL, NULL),
	(469, 'Middle Patenga', NULL, 21, 168, 4222, 'active', NULL, NULL),
	(470, 'Mohard', NULL, 21, 168, 4208, 'active', NULL, NULL),
	(471, 'North Halishahar', NULL, 21, 168, 4226, 'active', NULL, NULL),
	(472, 'North Katuli', NULL, 21, 168, 4217, 'active', NULL, NULL),
	(473, 'Pahartoli', NULL, 21, 168, 4202, 'active', NULL, NULL),
	(474, 'Patenga', NULL, 21, 168, 4204, 'active', NULL, NULL),
	(475, 'Rampura TSO', NULL, 21, 168, 4224, 'active', NULL, NULL),
	(476, 'Wazedia', NULL, 21, 168, 4213, 'active', NULL, NULL),
	(477, 'Barma', NULL, 21, 169, 4383, 'active', NULL, NULL),
	(478, 'Dohazari', NULL, 21, 169, 4382, 'active', NULL, NULL),
	(479, 'East Joara', NULL, 21, 169, 4380, 'active', NULL, NULL),
	(480, 'Gachbaria', NULL, 21, 169, 4381, 'active', NULL, NULL),
	(481, 'Bhandar Sharif', NULL, 21, 170, 4352, 'active', NULL, NULL),
	(482, 'Fatikchhari', NULL, 21, 170, 4350, 'active', NULL, NULL),
	(483, 'Harualchhari', NULL, 21, 170, 4354, 'active', NULL, NULL),
	(484, 'Najirhat', NULL, 21, 170, 4353, 'active', NULL, NULL),
	(485, 'Nanupur', NULL, 21, 170, 4351, 'active', NULL, NULL),
	(486, 'Narayanhat', NULL, 21, 170, 4355, 'active', NULL, NULL),
	(487, 'Chitt.University', NULL, 21, 171, 4331, 'active', NULL, NULL),
	(488, 'Fatahabad', NULL, 21, 171, 4335, 'active', NULL, NULL),
	(489, 'Gorduara', NULL, 21, 171, 4332, 'active', NULL, NULL),
	(490, 'Hathazari', NULL, 21, 171, 4330, 'active', NULL, NULL),
	(491, 'Katirhat', NULL, 21, 171, 4333, 'active', NULL, NULL),
	(492, 'Madrasa', NULL, 21, 171, 4339, 'active', NULL, NULL),
	(493, 'Mirzapur', NULL, 21, 171, 4334, 'active', NULL, NULL),
	(494, 'Nuralibari', NULL, 21, 171, 4337, 'active', NULL, NULL),
	(495, 'Yunus Nagar', NULL, 21, 171, 4338, 'active', NULL, NULL),
	(496, 'Banigram', NULL, 21, 172, 4393, 'active', NULL, NULL),
	(497, 'Gunagari', NULL, 21, 172, 4392, 'active', NULL, NULL),
	(498, 'Jaldi', NULL, 21, 172, 4390, 'active', NULL, NULL),
	(499, 'Khan Bahadur', NULL, 21, 172, 4391, 'active', NULL, NULL),
	(500, 'Chunti', NULL, 21, 173, 4398, 'active', NULL, NULL),
	(501, 'Lohagara', NULL, 21, 173, 4396, 'active', NULL, NULL),
	(502, 'Padua', NULL, 21, 173, 4397, 'active', NULL, NULL),
	(503, 'Abutorab', NULL, 21, 174, 4321, 'active', NULL, NULL),
	(504, 'Azampur', NULL, 21, 174, 4325, 'active', NULL, NULL),
	(505, 'Bharawazhat', NULL, 21, 174, 4323, 'active', NULL, NULL),
	(506, 'Darrogahat', NULL, 21, 174, 4322, 'active', NULL, NULL),
	(507, 'Joarganj', NULL, 21, 174, 4324, 'active', NULL, NULL),
	(508, 'Korerhat', NULL, 21, 174, 4327, 'active', NULL, NULL),
	(509, 'Mirsharai', NULL, 21, 174, 4320, 'active', NULL, NULL),
	(510, 'Mohazanhat', NULL, 21, 174, 4328, 'active', NULL, NULL),
	(511, 'Budhpara', NULL, 21, 175, 4371, 'active', NULL, NULL),
	(512, 'Patia Head Office', NULL, 21, 175, 4370, 'active', NULL, NULL),
	(513, 'Dhamair', NULL, 21, 176, 4361, 'active', NULL, NULL),
	(514, 'Rangunia', NULL, 21, 176, 4360, 'active', NULL, NULL),
	(515, 'B.I.T Post Office', NULL, 21, 177, 4349, 'active', NULL, NULL),
	(516, 'Beenajuri', NULL, 21, 177, 4341, 'active', NULL, NULL),
	(517, 'Dewanpur', NULL, 21, 177, 4347, 'active', NULL, NULL),
	(518, 'Fatepur', NULL, 21, 177, 4345, 'active', NULL, NULL),
	(519, 'Gahira', NULL, 21, 177, 4343, 'active', NULL, NULL),
	(520, 'Guzra Noapara', NULL, 21, 177, 4346, 'active', NULL, NULL),
	(521, 'jagannath Hat', NULL, 21, 177, 4344, 'active', NULL, NULL),
	(522, 'Kundeshwari', NULL, 21, 177, 4342, 'active', NULL, NULL),
	(523, 'Mohamuni', NULL, 21, 177, 4348, 'active', NULL, NULL),
	(524, 'Rouzan', NULL, 21, 177, 4340, 'active', NULL, NULL),
	(525, 'Sandwip', NULL, 21, 178, 4300, 'active', NULL, NULL),
	(526, 'Shiberhat', NULL, 21, 178, 4301, 'active', NULL, NULL),
	(527, 'Urirchar', NULL, 21, 178, 4302, 'active', NULL, NULL),
	(528, 'Baitul Ijjat', NULL, 21, 179, 4387, 'active', NULL, NULL),
	(529, 'Bazalia', NULL, 21, 179, 4388, 'active', NULL, NULL),
	(530, 'Satkania', NULL, 21, 179, 4386, 'active', NULL, NULL),
	(531, 'Barabkunda', NULL, 21, 180, 4312, 'active', NULL, NULL),
	(532, 'Baroidhala', NULL, 21, 180, 4311, 'active', NULL, NULL),
	(533, 'Bawashbaria', NULL, 21, 180, 4313, 'active', NULL, NULL),
	(534, 'Bhatiari', NULL, 21, 180, 4315, 'active', NULL, NULL),
	(535, 'Fouzdarhat', NULL, 21, 180, 4316, 'active', NULL, NULL),
	(536, 'Jafrabad', NULL, 21, 180, 4317, 'active', NULL, NULL),
	(537, 'Kumira', NULL, 21, 180, 4314, 'active', NULL, NULL),
	(538, 'Sitakunda', NULL, 21, 180, 4310, 'active', NULL, NULL),
	(539, 'Barura', NULL, 22, 181, 3560, 'active', NULL, NULL),
	(540, 'Murdafarganj', NULL, 22, 181, 3562, 'active', NULL, NULL),
	(541, 'Poyalgachha', NULL, 22, 181, 3561, 'active', NULL, NULL),
	(542, 'Brahmanpara', NULL, 22, 182, 3526, 'active', NULL, NULL),
	(543, 'Burichang', NULL, 22, 183, 3520, 'active', NULL, NULL),
	(544, 'Maynamoti bazar', NULL, 22, 183, 3521, 'active', NULL, NULL),
	(545, 'Chandia', NULL, 22, 184, 3510, 'active', NULL, NULL),
	(546, 'Madhaiabazar', NULL, 22, 184, 3511, 'active', NULL, NULL),
	(547, 'Batisa', NULL, 22, 185, 3551, 'active', NULL, NULL),
	(548, 'Chiora', NULL, 22, 185, 3552, 'active', NULL, NULL),
	(549, 'Chouddagram', NULL, 22, 185, 3550, 'active', NULL, NULL),
	(550, 'Comilla Contoment', NULL, 22, 186, 3501, 'active', NULL, NULL),
	(551, 'Comilla Sadar', NULL, 22, 186, 3500, 'active', NULL, NULL),
	(552, 'Courtbari', NULL, 22, 186, 3503, 'active', NULL, NULL),
	(553, 'Halimanagar', NULL, 22, 186, 3502, 'active', NULL, NULL),
	(554, 'Suaganj', NULL, 22, 186, 3504, 'active', NULL, NULL),
	(555, 'Dashpara', NULL, 22, 187, 3518, 'active', NULL, NULL),
	(556, 'Daudkandi', NULL, 22, 187, 3516, 'active', NULL, NULL),
	(557, 'Eliotganj', NULL, 22, 187, 3519, 'active', NULL, NULL),
	(558, 'Gouripur', NULL, 22, 187, 3517, 'active', NULL, NULL),
	(559, 'Barashalghar', NULL, 22, 188, 3532, 'active', NULL, NULL),
	(560, 'Davidhar', NULL, 22, 188, 3530, 'active', NULL, NULL),
	(561, 'Dhamtee', NULL, 22, 188, 3533, 'active', NULL, NULL),
	(562, 'Gangamandal', NULL, 22, 188, 3531, 'active', NULL, NULL),
	(563, 'Homna', NULL, 22, 189, 3546, 'active', NULL, NULL),
	(564, 'Bipulasar', NULL, 22, 190, 3572, 'active', NULL, NULL),
	(565, 'Laksam', NULL, 22, 190, 3570, 'active', NULL, NULL),
	(566, 'Lakshamanpur', NULL, 22, 190, 3571, 'active', NULL, NULL),
	(567, 'Chhariabazar', NULL, 22, 191, 3582, 'active', NULL, NULL),
	(568, 'Dhalua', NULL, 22, 191, 3581, 'active', NULL, NULL),
	(569, 'Gunabati', NULL, 22, 191, 3583, 'active', NULL, NULL),
	(570, 'Langalkot', NULL, 22, 191, 3580, 'active', NULL, NULL),
	(571, 'Bangra', NULL, 22, 192, 3543, 'active', NULL, NULL),
	(572, 'Companyganj', NULL, 22, 192, 3542, 'active', NULL, NULL),
	(573, 'Muradnagar', NULL, 22, 192, 3540, 'active', NULL, NULL),
	(574, 'Pantibazar', NULL, 22, 192, 3545, 'active', NULL, NULL),
	(575, 'Ramchandarpur', NULL, 22, 192, 3541, 'active', NULL, NULL),
	(576, 'Sonakanda', NULL, 22, 192, 3544, 'active', NULL, NULL),
	(577, 'Badarkali', NULL, 23, 193, 4742, 'active', NULL, NULL),
	(578, 'Chiringga', NULL, 23, 193, 4740, 'active', NULL, NULL),
	(579, 'Chiringga S.O', NULL, 23, 193, 4741, 'active', NULL, NULL),
	(580, 'Malumghat', NULL, 23, 193, 4743, 'active', NULL, NULL),
	(581, 'Coxs Bazar Sadar', NULL, 23, 194, 4700, 'active', NULL, NULL),
	(582, 'Eidga', NULL, 23, 194, 4702, 'active', NULL, NULL),
	(583, 'Zhilanja', NULL, 23, 194, 4701, 'active', NULL, NULL),
	(584, 'Gorakghat', NULL, 23, 195, 4710, 'active', NULL, NULL),
	(585, 'Kutubdia', NULL, 23, 196, 4720, 'active', NULL, NULL),
	(586, 'Ramu', NULL, 23, 197, 4730, 'active', NULL, NULL),
	(587, 'Hnila', NULL, 23, 198, 4761, 'active', NULL, NULL),
	(588, 'St.Martin', NULL, 23, 198, 4762, 'active', NULL, NULL),
	(589, 'Teknaf', NULL, 23, 198, 4760, 'active', NULL, NULL),
	(590, 'Ukhia', NULL, 23, 199, 4750, 'active', NULL, NULL),
	(591, 'Chhagalnaia', NULL, 24, 200, 3910, 'active', NULL, NULL),
	(592, 'Daraga Hat', NULL, 24, 200, 3912, 'active', NULL, NULL),
	(593, 'Maharajganj', NULL, 24, 200, 3911, 'active', NULL, NULL),
	(594, 'Puabashimulia', NULL, 24, 200, 3913, 'active', NULL, NULL),
	(595, 'Chhilonia', NULL, 24, 201, 3922, 'active', NULL, NULL),
	(596, 'Dagondhuia', NULL, 24, 201, 3920, 'active', NULL, NULL),
	(597, 'Dudmukha', NULL, 24, 201, 3921, 'active', NULL, NULL),
	(598, 'Rajapur', NULL, 24, 201, 3923, 'active', NULL, NULL),
	(599, 'Fazilpur', NULL, 24, 202, 3901, 'active', NULL, NULL),
	(600, 'Feni Sadar', NULL, 24, 202, 3900, 'active', NULL, NULL),
	(601, 'Laskarhat', NULL, 24, 202, 3903, 'active', NULL, NULL),
	(602, 'Sharshadie', NULL, 24, 202, 3902, 'active', NULL, NULL),
	(603, 'Fulgazi', NULL, 24, 203, 3942, 'active', NULL, NULL),
	(604, 'Munshirhat', NULL, 24, 203, 3943, 'active', NULL, NULL),
	(605, 'Pashurampur', NULL, 24, 203, 3940, 'active', NULL, NULL),
	(606, 'Shuarbazar', NULL, 24, 203, 3941, 'active', NULL, NULL),
	(607, 'Ahmadpur', NULL, 24, 204, 3932, 'active', NULL, NULL),
	(608, 'Kazirhat', NULL, 24, 204, 3933, 'active', NULL, NULL),
	(609, 'Motiganj', NULL, 24, 204, 3931, 'active', NULL, NULL),
	(610, 'Sonagazi', NULL, 24, 204, 3930, 'active', NULL, NULL),
	(611, 'Diginala', NULL, 25, 205, 4420, 'active', NULL, NULL),
	(612, 'Khagrachari Sadar', NULL, 25, 206, 4400, 'active', NULL, NULL),
	(613, 'Laxmichhari', NULL, 25, 207, 4470, 'active', NULL, NULL),
	(614, 'Mahalchhari', NULL, 25, 208, 4430, 'active', NULL, NULL),
	(615, 'Manikchhari', NULL, 25, 209, 4460, 'active', NULL, NULL),
	(616, 'Matiranga', NULL, 25, 210, 4450, 'active', NULL, NULL),
	(617, 'Panchhari', NULL, 25, 211, 4410, 'active', NULL, NULL),
	(618, 'Ramghar Head Office', NULL, 25, 212, 4440, 'active', NULL, NULL),
	(619, 'Char Alexgander', NULL, 26, 213, 3730, 'active', NULL, NULL),
	(620, 'Hajirghat', NULL, 26, 213, 3731, 'active', NULL, NULL),
	(621, 'Ramgatirhat', NULL, 26, 213, 3732, 'active', NULL, NULL),
	(622, 'Amani Lakshimpur', NULL, 26, 214, 3709, 'active', NULL, NULL),
	(623, 'Bhabaniganj', NULL, 26, 214, 3702, 'active', NULL, NULL),
	(624, 'Chandraganj', NULL, 26, 214, 3708, 'active', NULL, NULL),
	(625, 'Choupalli', NULL, 26, 214, 3707, 'active', NULL, NULL),
	(626, 'Dalal Bazar', NULL, 26, 214, 3701, 'active', NULL, NULL),
	(627, 'Duttapara', NULL, 26, 214, 3706, 'active', NULL, NULL),
	(628, 'Keramatganj', NULL, 26, 214, 3704, 'active', NULL, NULL),
	(629, 'Lakshimpur Sadar', NULL, 26, 214, 3700, 'active', NULL, NULL),
	(630, 'Mandari', NULL, 26, 214, 3703, 'active', NULL, NULL),
	(631, 'Rupchara', NULL, 26, 214, 3705, 'active', NULL, NULL),
	(632, 'Alipur', NULL, 26, 215, 3721, 'active', NULL, NULL),
	(633, 'Dolta', NULL, 26, 215, 3725, 'active', NULL, NULL),
	(634, 'Kanchanpur', NULL, 26, 215, 3723, 'active', NULL, NULL),
	(635, 'Naagmud', NULL, 26, 215, 3724, 'active', NULL, NULL),
	(636, 'Panpara', NULL, 26, 215, 3722, 'active', NULL, NULL),
	(637, 'Ramganj', NULL, 26, 215, 3720, 'active', NULL, NULL),
	(638, 'Bhuabari', NULL, 26, 216, 3714, 'active', NULL, NULL),
	(639, 'Haydarganj', NULL, 26, 216, 3713, 'active', NULL, NULL),
	(640, 'Nagerdighirpar', NULL, 26, 216, 3712, 'active', NULL, NULL),
	(641, 'Rakhallia', NULL, 26, 216, 3711, 'active', NULL, NULL),
	(642, 'Raypur', NULL, 26, 216, 3710, 'active', NULL, NULL),
	(643, 'Basur Hat', NULL, 27, 217, 3850, 'active', NULL, NULL),
	(644, 'Charhajari', NULL, 27, 217, 3851, 'active', NULL, NULL),
	(645, 'Alaiarpur', NULL, 27, 218, 3831, 'active', NULL, NULL),
	(646, 'Amisha Para', NULL, 27, 218, 3847, 'active', NULL, NULL),
	(647, 'Banglabazar', NULL, 27, 218, 3822, 'active', NULL, NULL),
	(648, 'Bazra', NULL, 27, 218, 3824, 'active', NULL, NULL),
	(649, 'Begumganj', NULL, 27, 218, 3820, 'active', NULL, NULL),
	(650, 'Bhabani Jibanpur', NULL, 27, 218, 3837, 'active', NULL, NULL),
	(651, 'Choumohani', NULL, 27, 218, 3821, 'active', NULL, NULL),
	(652, 'Dauti', NULL, 27, 218, 3843, 'active', NULL, NULL),
	(653, 'Durgapur', NULL, 27, 218, 3848, 'active', NULL, NULL),
	(654, 'Gopalpur', NULL, 27, 218, 3828, 'active', NULL, NULL),
	(655, 'Jamidar Hat', NULL, 27, 218, 3825, 'active', NULL, NULL),
	(656, 'Joyag', NULL, 27, 218, 3844, 'active', NULL, NULL),
	(657, 'Joynarayanpur', NULL, 27, 218, 3829, 'active', NULL, NULL),
	(658, 'Khalafat Bazar', NULL, 27, 218, 3833, 'active', NULL, NULL),
	(659, 'Khalishpur', NULL, 27, 218, 3842, 'active', NULL, NULL),
	(660, 'Maheshganj', NULL, 27, 218, 3838, 'active', NULL, NULL),
	(661, 'Mir Owarishpur', NULL, 27, 218, 3823, 'active', NULL, NULL),
	(662, 'Nadona', NULL, 27, 218, 3839, 'active', NULL, NULL),
	(663, 'Nandiapara', NULL, 27, 218, 3841, 'active', NULL, NULL),
	(664, 'Oachhekpur', NULL, 27, 218, 3835, 'active', NULL, NULL),
	(665, 'Rajganj', NULL, 27, 218, 3834, 'active', NULL, NULL),
	(666, 'Sonaimuri', NULL, 27, 218, 3827, 'active', NULL, NULL),
	(667, 'Tangirpar', NULL, 27, 218, 3832, 'active', NULL, NULL),
	(668, 'Thanar Hat', NULL, 27, 218, 3845, 'active', NULL, NULL),
	(669, 'Bansa Bazar', NULL, 27, 219, 3879, 'active', NULL, NULL),
	(670, 'Bodalcourt', NULL, 27, 219, 3873, 'active', NULL, NULL),
	(671, 'Chatkhil', NULL, 27, 219, 3870, 'active', NULL, NULL),
	(672, 'Dosh Gharia', NULL, 27, 219, 3878, 'active', NULL, NULL),
	(673, 'Karihati', NULL, 27, 219, 3877, 'active', NULL, NULL),
	(674, 'Khilpara', NULL, 27, 219, 3872, 'active', NULL, NULL),
	(675, 'Palla', NULL, 27, 219, 3871, 'active', NULL, NULL),
	(676, 'Rezzakpur', NULL, 27, 219, 3874, 'active', NULL, NULL),
	(677, 'Sahapur', NULL, 27, 219, 3881, 'active', NULL, NULL),
	(678, 'Sampara', NULL, 27, 219, 3882, 'active', NULL, NULL),
	(679, 'Shingbahura', NULL, 27, 219, 3883, 'active', NULL, NULL),
	(680, 'Solla', NULL, 27, 219, 3875, 'active', NULL, NULL),
	(681, 'Afazia', NULL, 27, 220, 3891, 'active', NULL, NULL),
	(682, 'Hatiya', NULL, 27, 220, 3890, 'active', NULL, NULL),
	(683, 'Tamoraddi', NULL, 27, 220, 3892, 'active', NULL, NULL),
	(684, 'Chaprashir Hat', NULL, 27, 221, 3811, 'active', NULL, NULL),
	(685, 'Char Jabbar', NULL, 27, 221, 3812, 'active', NULL, NULL),
	(686, 'Charam Tua', NULL, 27, 221, 3809, 'active', NULL, NULL),
	(687, 'Din Monir Hat', NULL, 27, 221, 3803, 'active', NULL, NULL),
	(688, 'Kabirhat', NULL, 27, 221, 3807, 'active', NULL, NULL),
	(689, 'Khalifar Hat', NULL, 27, 221, 3808, 'active', NULL, NULL),
	(690, 'Mriddarhat', NULL, 27, 221, 3806, 'active', NULL, NULL),
	(691, 'Noakhali College', NULL, 27, 221, 3801, 'active', NULL, NULL),
	(692, 'Noakhali Sadar', NULL, 27, 221, 3800, 'active', NULL, NULL),
	(693, 'Pak Kishoreganj', NULL, 27, 221, 3804, 'active', NULL, NULL),
	(694, 'Sonapur', NULL, 27, 221, 3802, 'active', NULL, NULL),
	(695, 'Beezbag', NULL, 27, 222, 3862, 'active', NULL, NULL),
	(696, 'Chatarpaia', NULL, 27, 222, 3864, 'active', NULL, NULL),
	(697, 'Kallyandi', NULL, 27, 222, 3861, 'active', NULL, NULL),
	(698, 'Kankirhat', NULL, 27, 222, 3863, 'active', NULL, NULL),
	(699, 'Senbag', NULL, 27, 222, 3860, 'active', NULL, NULL),
	(700, 'T.P. Lamua', NULL, 27, 222, 3865, 'active', NULL, NULL),
	(701, 'Barakal', NULL, 28, 223, 4570, 'active', NULL, NULL),
	(702, 'Bilaichhari', NULL, 28, 224, 4550, 'active', NULL, NULL),
	(703, 'Jarachhari', NULL, 28, 225, 4560, 'active', NULL, NULL),
	(704, 'Betbunia', NULL, 28, 226, 4511, 'active', NULL, NULL),
	(705, 'Kalampati', NULL, 28, 226, 4510, 'active', NULL, NULL),
	(706, 'Chandraghona', NULL, 28, 227, 4531, 'active', NULL, NULL),
	(707, 'Kaptai', NULL, 28, 227, 4530, 'active', NULL, NULL),
	(708, 'Kaptai Nuton Bazar', NULL, 28, 227, 4533, 'active', NULL, NULL),
	(709, 'Kaptai Project', NULL, 28, 227, 4532, 'active', NULL, NULL),
	(710, 'Longachh', NULL, 28, 228, 4580, 'active', NULL, NULL),
	(711, 'Marishya', NULL, 28, 229, 4590, 'active', NULL, NULL),
	(712, 'Nanichhar', NULL, 28, 230, 4520, 'active', NULL, NULL),
	(713, 'Rajsthali', NULL, 28, 231, 4540, 'active', NULL, NULL),
	(714, 'Rangamati Sadar', NULL, 28, 232, 4500, 'active', NULL, NULL),
	(715, 'Bagerhat Sadar', NULL, 29, 233, 9300, 'active', NULL, NULL),
	(716, 'P.C College', NULL, 29, 233, 9301, 'active', NULL, NULL),
	(717, 'Rangdia', NULL, 29, 233, 9302, 'active', NULL, NULL),
	(718, 'Chalna Ankorage', NULL, 29, 234, 9350, 'active', NULL, NULL),
	(719, 'Mongla Port', NULL, 29, 234, 9351, 'active', NULL, NULL),
	(720, 'Barabaria', NULL, 29, 235, 9361, 'active', NULL, NULL),
	(721, 'Chitalmari', NULL, 29, 235, 9360, 'active', NULL, NULL),
	(722, 'Bhanganpar Bazar', NULL, 29, 236, 9372, 'active', NULL, NULL),
	(723, 'Fakirhat', NULL, 29, 236, 9370, 'active', NULL, NULL),
	(724, 'Mansa', NULL, 29, 236, 9371, 'active', NULL, NULL),
	(725, 'Kachua', NULL, 29, 237, 9310, 'active', NULL, NULL),
	(726, 'Sonarkola', NULL, 29, 237, 9311, 'active', NULL, NULL),
	(727, 'Charkulia', NULL, 29, 238, 9383, 'active', NULL, NULL),
	(728, 'Dariala', NULL, 29, 238, 9382, 'active', NULL, NULL),
	(729, 'Kahalpur', NULL, 29, 238, 9381, 'active', NULL, NULL),
	(730, 'Mollahat', NULL, 29, 238, 9380, 'active', NULL, NULL),
	(731, 'Nagarkandi', NULL, 29, 238, 9384, 'active', NULL, NULL),
	(732, 'Pak Gangni', NULL, 29, 238, 9385, 'active', NULL, NULL),
	(733, 'Morelganj', NULL, 29, 239, 9320, 'active', NULL, NULL),
	(734, 'Sannasi Bazar', NULL, 29, 239, 9321, 'active', NULL, NULL),
	(735, 'Telisatee', NULL, 29, 239, 9322, 'active', NULL, NULL),
	(736, 'Foylahat', NULL, 29, 240, 9341, 'active', NULL, NULL),
	(737, 'Gourambha', NULL, 29, 240, 9343, 'active', NULL, NULL),
	(738, 'Rampal', NULL, 29, 240, 9340, 'active', NULL, NULL),
	(739, 'Sonatunia', NULL, 29, 240, 9342, 'active', NULL, NULL),
	(740, 'Rayenda', NULL, 29, 241, 9330, 'active', NULL, NULL),
	(741, 'Alamdanga', NULL, 30, 242, 7210, 'active', NULL, NULL),
	(742, 'Hardi', NULL, 30, 242, 7211, 'active', NULL, NULL),
	(743, 'Chuadanga Sadar', NULL, 30, 243, 7200, 'active', NULL, NULL),
	(744, 'Munshiganj', NULL, 30, 243, 7201, 'active', NULL, NULL),
	(745, 'Andulbaria', NULL, 30, 244, 7222, 'active', NULL, NULL),
	(746, 'Damurhuda', NULL, 30, 244, 7220, 'active', NULL, NULL),
	(747, 'Darshana', NULL, 30, 244, 7221, 'active', NULL, NULL),
	(748, 'Doulatganj', NULL, 30, 245, 7230, 'active', NULL, NULL),
	(749, 'Bagharpara', NULL, 31, 246, 7470, 'active', NULL, NULL),
	(750, 'Gouranagar', NULL, 31, 246, 7471, 'active', NULL, NULL),
	(751, 'Chougachha', NULL, 31, 247, 7410, 'active', NULL, NULL),
	(752, 'Basundia', NULL, 31, 248, 7406, 'active', NULL, NULL),
	(753, 'Chanchra', NULL, 31, 248, 7402, 'active', NULL, NULL),
	(754, 'Churamankathi', NULL, 31, 248, 7407, 'active', NULL, NULL),
	(755, 'Jessore Airbach', NULL, 31, 248, 7404, 'active', NULL, NULL),
	(756, 'Jessore canttonment', NULL, 31, 248, 7403, 'active', NULL, NULL),
	(757, 'Jessore Sadar', NULL, 31, 248, 7400, 'active', NULL, NULL),
	(758, 'Jessore Upa-Shahar', NULL, 31, 248, 7401, 'active', NULL, NULL),
	(759, 'Rupdia', NULL, 31, 248, 7405, 'active', NULL, NULL),
	(760, 'Jhikargachha', NULL, 31, 249, 7420, 'active', NULL, NULL),
	(761, 'Keshobpur', NULL, 31, 250, 7450, 'active', NULL, NULL),
	(762, 'Monirampur', NULL, 31, 251, 7440, 'active', NULL, NULL),
	(763, 'Bhugilhat', NULL, 31, 252, 7462, 'active', NULL, NULL),
	(764, 'Noapara', NULL, 31, 252, 7460, 'active', NULL, NULL),
	(765, 'Rajghat', NULL, 31, 252, 7461, 'active', NULL, NULL),
	(766, 'Bag Achra', NULL, 31, 253, 7433, 'active', NULL, NULL),
	(767, 'Benapole', NULL, 31, 253, 7431, 'active', NULL, NULL),
	(768, 'Jadabpur', NULL, 31, 253, 7432, 'active', NULL, NULL),
	(769, 'Sarsa', NULL, 31, 253, 7430, 'active', NULL, NULL),
	(770, 'Harinakundu', NULL, 32, 254, 7310, 'active', NULL, NULL),
	(771, 'Jinaidaha Cadet College', NULL, 32, 255, 7301, 'active', NULL, NULL),
	(772, 'Jinaidaha Sadar', NULL, 32, 255, 7300, 'active', NULL, NULL),
	(773, 'Kotchandpur', NULL, 32, 256, 7330, 'active', NULL, NULL),
	(774, 'Maheshpur', NULL, 32, 257, 7340, 'active', NULL, NULL),
	(775, 'Hatbar Bazar', NULL, 32, 258, 7351, 'active', NULL, NULL),
	(776, 'Naldanga', NULL, 32, 258, 7350, 'active', NULL, NULL),
	(777, 'Kumiradaha', NULL, 32, 259, 7321, 'active', NULL, NULL),
	(778, 'Shailakupa', NULL, 32, 259, 7320, 'active', NULL, NULL),
	(779, 'Alaipur', NULL, 33, 260, 9240, 'active', NULL, NULL),
	(780, 'Belphulia', NULL, 33, 260, 9242, 'active', NULL, NULL),
	(781, 'Rupsha', NULL, 33, 260, 9241, 'active', NULL, NULL),
	(782, 'Batiaghat', NULL, 33, 261, 9260, 'active', NULL, NULL),
	(783, 'Surkalee', NULL, 33, 261, 9261, 'active', NULL, NULL),
	(784, 'Bajua', NULL, 33, 262, 9272, 'active', NULL, NULL),
	(785, 'Chalna Bazar', NULL, 33, 262, 9270, 'active', NULL, NULL),
	(786, 'Dakup', NULL, 33, 262, 9271, 'active', NULL, NULL),
	(787, 'Nalian', NULL, 33, 262, 9273, 'active', NULL, NULL),
	(788, 'Chandni Mahal', NULL, 33, 263, 9221, 'active', NULL, NULL),
	(789, 'Digalia', NULL, 33, 263, 9220, 'active', NULL, NULL),
	(790, 'Gazirhat', NULL, 33, 263, 9224, 'active', NULL, NULL),
	(791, 'Ghoshghati', NULL, 33, 263, 9223, 'active', NULL, NULL),
	(792, 'Senhati', NULL, 33, 263, 9222, 'active', NULL, NULL),
	(793, 'Atra Shilpa Area', NULL, 33, 264, 9207, 'active', NULL, NULL),
	(794, 'BIT Khulna', NULL, 33, 264, 9203, 'active', NULL, NULL),
	(795, 'Doulatpur', NULL, 33, 264, 9202, 'active', NULL, NULL),
	(796, 'Jahanabad Canttonmen', NULL, 33, 264, 9205, 'active', NULL, NULL),
	(797, 'Khula Sadar', NULL, 33, 264, 9100, 'active', NULL, NULL),
	(798, 'Khulna G.P.O', NULL, 33, 264, 9000, 'active', NULL, NULL),
	(799, 'Khulna Shipyard', NULL, 33, 264, 9201, 'active', NULL, NULL),
	(800, 'Khulna University', NULL, 33, 264, 9208, 'active', NULL, NULL),
	(801, 'Siramani', NULL, 33, 264, 9204, 'active', NULL, NULL),
	(802, 'Sonali Jute Mills', NULL, 33, 264, 9206, 'active', NULL, NULL),
	(803, 'Amadee', NULL, 33, 265, 9291, 'active', NULL, NULL),
	(804, 'Madinabad', NULL, 33, 265, 9290, 'active', NULL, NULL),
	(805, 'Chandkhali', NULL, 33, 266, 9284, 'active', NULL, NULL),
	(806, 'Garaikhali', NULL, 33, 266, 9285, 'active', NULL, NULL),
	(807, 'Godaipur', NULL, 33, 266, 9281, 'active', NULL, NULL),
	(808, 'Kapilmoni', NULL, 33, 266, 9282, 'active', NULL, NULL),
	(809, 'Katipara', NULL, 33, 266, 9283, 'active', NULL, NULL),
	(810, 'Paikgachha', NULL, 33, 266, 9280, 'active', NULL, NULL),
	(811, 'Phultala', NULL, 33, 267, 9210, 'active', NULL, NULL),
	(812, 'Chuknagar', NULL, 33, 268, 9252, 'active', NULL, NULL),
	(813, 'Ghonabanda', NULL, 33, 268, 9251, 'active', NULL, NULL),
	(814, 'Sajiara', NULL, 33, 268, 9250, 'active', NULL, NULL),
	(815, 'Shahapur', NULL, 33, 268, 9253, 'active', NULL, NULL),
	(816, 'Pak Barasat', NULL, 33, 269, 9231, 'active', NULL, NULL),
	(817, 'Terakhada', NULL, 33, 269, 9230, 'active', NULL, NULL),
	(818, 'Allardarga', NULL, 34, 270, 7042, 'active', NULL, NULL),
	(819, 'Bheramara', NULL, 34, 270, 7040, 'active', NULL, NULL),
	(820, 'Ganges Bheramara', NULL, 34, 270, 7041, 'active', NULL, NULL),
	(821, 'Janipur', NULL, 34, 271, 7020, 'active', NULL, NULL),
	(822, 'Khoksa', NULL, 34, 271, 7021, 'active', NULL, NULL),
	(823, 'Kumarkhali', NULL, 34, 272, 7010, 'active', NULL, NULL),
	(824, 'Panti', NULL, 34, 272, 7011, 'active', NULL, NULL),
	(825, 'Islami University', NULL, 34, 273, 7003, 'active', NULL, NULL),
	(826, 'Jagati', NULL, 34, 273, 7002, 'active', NULL, NULL),
	(827, 'Kushtia Mohini', NULL, 34, 273, 7001, 'active', NULL, NULL),
	(828, 'Kustia Sadar', NULL, 34, 273, 7000, 'active', NULL, NULL),
	(829, 'Amla Sadarpur', NULL, 34, 274, 7032, 'active', NULL, NULL),
	(830, 'Amla Sadarpur', NULL, 1, 12, 7032, 'active', NULL, NULL),
	(831, 'Mirpur', NULL, 34, 274, 7030, 'active', NULL, NULL),
	(832, 'Mirpur', NULL, 1, 12, 7030, 'active', NULL, NULL),
	(833, 'Poradaha', NULL, 34, 274, 7031, 'active', NULL, NULL),
	(834, 'Poradaha', NULL, 1, 12, 7031, 'active', NULL, NULL),
	(835, 'Khasmathurapur', NULL, 34, 275, 7052, 'active', NULL, NULL),
	(836, 'Rafayetpur', NULL, 34, 275, 7050, 'active', NULL, NULL),
	(837, 'Taragunia', NULL, 34, 275, 7051, 'active', NULL, NULL),
	(838, 'Arpara', NULL, 35, 276, 7620, 'active', NULL, NULL),
	(839, 'Magura Sadar', NULL, 35, 277, 7600, 'active', NULL, NULL),
	(840, 'Binodpur', NULL, 35, 278, 7631, 'active', NULL, NULL),
	(841, 'Binodpur', NULL, 1, 13, 7631, 'active', NULL, NULL),
	(842, 'Mohammadpur', NULL, 35, 278, 7630, 'active', NULL, NULL),
	(843, 'Mohammadpur', NULL, 1, 13, 7630, 'active', NULL, NULL),
	(844, 'Nahata', NULL, 35, 278, 7632, 'active', NULL, NULL),
	(845, 'Nahata', NULL, 1, 13, 7632, 'active', NULL, NULL),
	(846, 'Langalbadh', NULL, 35, 279, 7611, 'active', NULL, NULL),
	(847, 'Nachol', NULL, 35, 279, 7612, 'active', NULL, NULL),
	(848, 'Shripur', NULL, 35, 279, 7610, 'active', NULL, NULL),
	(849, 'Gangni', NULL, 36, 280, 7110, 'active', NULL, NULL),
	(850, 'Amjhupi', NULL, 36, 281, 7101, 'active', NULL, NULL),
	(851, 'Amjhupi', NULL, 36, 281, 7152, 'active', NULL, NULL),
	(852, 'Meherpur Sadar', NULL, 36, 281, 7100, 'active', NULL, NULL),
	(853, 'Mujib Nagar Complex', NULL, 36, 281, 7102, 'active', NULL, NULL),
	(854, 'Kalia', NULL, 37, 282, 7520, 'active', NULL, NULL),
	(855, 'Baradia', NULL, 37, 283, 7514, 'active', NULL, NULL),
	(856, 'Itna', NULL, 37, 283, 7512, 'active', NULL, NULL),
	(857, 'Laxmipasha', NULL, 37, 283, 7510, 'active', NULL, NULL),
	(858, 'Lohagora', NULL, 37, 283, 7511, 'active', NULL, NULL),
	(859, 'Naldi', NULL, 37, 283, 7513, 'active', NULL, NULL),
	(860, 'Mohajan', NULL, 37, 284, 7521, 'active', NULL, NULL),
	(861, 'Narail Sadar', NULL, 37, 285, 7500, 'active', NULL, NULL),
	(862, 'Ratanganj', NULL, 37, 285, 7501, 'active', NULL, NULL),
	(863, 'Ashashuni', NULL, 38, 286, 9460, 'active', NULL, NULL),
	(864, 'Baradal', NULL, 38, 286, 9461, 'active', NULL, NULL),
	(865, 'Debbhata', NULL, 38, 287, 9430, 'active', NULL, NULL),
	(866, 'Gurugram', NULL, 38, 287, 9431, 'active', NULL, NULL),
	(867, 'Chandanpur', NULL, 38, 288, 9415, 'active', NULL, NULL),
	(868, 'Hamidpur', NULL, 38, 288, 9413, 'active', NULL, NULL),
	(869, 'Jhaudanga', NULL, 38, 288, 9412, 'active', NULL, NULL),
	(870, 'kalaroa', NULL, 38, 288, 9410, 'active', NULL, NULL),
	(871, 'Khordo', NULL, 38, 288, 9414, 'active', NULL, NULL),
	(872, 'Murarikati', NULL, 38, 288, 9411, 'active', NULL, NULL),
	(873, 'Kaliganj UPO', NULL, 38, 289, 9440, 'active', NULL, NULL),
	(874, 'Nalta Mubaroknagar', NULL, 38, 289, 9441, 'active', NULL, NULL),
	(875, 'Ratanpur', NULL, 38, 289, 9442, 'active', NULL, NULL),
	(876, 'Buri Goalini', NULL, 38, 290, 9453, 'active', NULL, NULL),
	(877, 'Gabura', NULL, 38, 290, 9454, 'active', NULL, NULL),
	(878, 'Habinagar', NULL, 38, 290, 9455, 'active', NULL, NULL),
	(879, 'Nakipur', NULL, 38, 290, 9450, 'active', NULL, NULL),
	(880, 'Naobeki', NULL, 38, 290, 9452, 'active', NULL, NULL),
	(881, 'Noornagar', NULL, 38, 290, 9451, 'active', NULL, NULL),
	(882, 'Budhhat', NULL, 38, 291, 9403, 'active', NULL, NULL),
	(883, 'Gunakar kati', NULL, 38, 291, 9402, 'active', NULL, NULL),
	(884, 'Satkhira Islamia Acc', NULL, 38, 291, 9401, 'active', NULL, NULL),
	(885, 'Satkhira Sadar', NULL, 38, 291, 9400, 'active', NULL, NULL),
	(886, 'Patkelghata', NULL, 38, 292, 9421, 'active', NULL, NULL),
	(887, 'Taala', NULL, 38, 292, 9420, 'active', NULL, NULL),
	(888, 'Azmireeganj', NULL, 39, 293, 3360, 'active', NULL, NULL),
	(889, 'Bahubal', NULL, 39, 294, 3310, 'active', NULL, NULL),
	(890, 'Baniachang', NULL, 39, 295, 3350, 'active', NULL, NULL),
	(891, 'Jatrapasha', NULL, 39, 295, 3351, 'active', NULL, NULL),
	(892, 'Kadirganj', NULL, 39, 295, 3352, 'active', NULL, NULL),
	(893, 'Chandpurbagan', NULL, 39, 296, 3321, 'active', NULL, NULL),
	(894, 'Chunarughat', NULL, 39, 296, 3320, 'active', NULL, NULL),
	(895, 'Narapati', NULL, 39, 296, 3322, 'active', NULL, NULL),
	(896, 'Gopaya', NULL, 39, 297, 3302, 'active', NULL, NULL),
	(897, 'Hobiganj Sadar', NULL, 39, 297, 3300, 'active', NULL, NULL),
	(898, 'Shaestaganj', NULL, 39, 297, 3301, 'active', NULL, NULL),
	(899, 'Kalauk', NULL, 39, 298, 3340, 'active', NULL, NULL),
	(900, 'Lakhai', NULL, 39, 298, 3341, 'active', NULL, NULL),
	(901, 'Itakhola', NULL, 39, 299, 3331, 'active', NULL, NULL),
	(902, 'Madhabpur', NULL, 39, 299, 3330, 'active', NULL, NULL),
	(903, 'Saihamnagar', NULL, 39, 299, 3333, 'active', NULL, NULL),
	(904, 'Shahajibazar', NULL, 39, 299, 3332, 'active', NULL, NULL),
	(905, 'Digalbak', NULL, 39, 300, 3373, 'active', NULL, NULL),
	(906, 'Golduba', NULL, 39, 300, 3372, 'active', NULL, NULL),
	(907, 'Goplarbazar', NULL, 39, 300, 3371, 'active', NULL, NULL),
	(908, 'Inathganj', NULL, 39, 300, 3374, 'active', NULL, NULL),
	(909, 'Nabiganj', NULL, 39, 300, 3370, 'active', NULL, NULL),
	(910, 'Baralekha', NULL, 40, 301, 3250, 'active', NULL, NULL),
	(911, 'Dhakkhinbag', NULL, 40, 301, 3252, 'active', NULL, NULL),
	(912, 'Juri', NULL, 40, 301, 3251, 'active', NULL, NULL),
	(913, 'Purbashahabajpur', NULL, 40, 301, 3253, 'active', NULL, NULL),
	(914, 'Kamalganj', NULL, 40, 302, 3220, 'active', NULL, NULL),
	(915, 'Keramatnaga', NULL, 40, 302, 3221, 'active', NULL, NULL),
	(916, 'Munshibazar', NULL, 40, 302, 3224, 'active', NULL, NULL),
	(917, 'Patrakhola', NULL, 40, 302, 3222, 'active', NULL, NULL),
	(918, 'Shamsher Nagar', NULL, 40, 302, 3223, 'active', NULL, NULL),
	(919, 'Baramchal', NULL, 40, 303, 3237, 'active', NULL, NULL),
	(920, 'Kajaldhara', NULL, 40, 303, 3234, 'active', NULL, NULL),
	(921, 'Karimpur', NULL, 40, 303, 3235, 'active', NULL, NULL),
	(922, 'Kulaura', NULL, 40, 303, 3230, 'active', NULL, NULL),
	(923, 'Langla', NULL, 40, 303, 3232, 'active', NULL, NULL),
	(924, 'Prithimpasha', NULL, 40, 303, 3233, 'active', NULL, NULL),
	(925, 'Tillagaon', NULL, 40, 303, 3231, 'active', NULL, NULL),
	(926, 'Afrozganj', NULL, 40, 304, 3203, 'active', NULL, NULL),
	(927, 'Barakapan', NULL, 40, 304, 3201, 'active', NULL, NULL),
	(928, 'Monumukh', NULL, 40, 304, 3202, 'active', NULL, NULL),
	(929, 'Moulvibazar Sadar', NULL, 40, 304, 3200, 'active', NULL, NULL),
	(930, 'Rajnagar', NULL, 40, 305, 3240, 'active', NULL, NULL),
	(931, 'Kalighat', NULL, 40, 306, 3212, 'active', NULL, NULL),
	(932, 'Khejurichhara', NULL, 40, 306, 3213, 'active', NULL, NULL),
	(933, 'Narain Chora', NULL, 40, 306, 3211, 'active', NULL, NULL),
	(934, 'Satgaon', NULL, 40, 306, 3214, 'active', NULL, NULL),
	(935, 'Srimangal', NULL, 40, 306, 3210, 'active', NULL, NULL),
	(936, 'Bishamsapur', NULL, 41, 307, 3010, 'active', NULL, NULL),
	(937, 'Chhatak', NULL, 41, 308, 3080, 'active', NULL, NULL),
	(938, 'Chhatak Cement Facto', NULL, 41, 308, 3081, 'active', NULL, NULL),
	(939, 'Chhatak Paper Mills', NULL, 41, 308, 3082, 'active', NULL, NULL),
	(940, 'Chourangi Bazar', NULL, 41, 308, 3893, 'active', NULL, NULL),
	(941, 'Gabindaganj', NULL, 41, 308, 3083, 'active', NULL, NULL),
	(942, 'Gabindaganj Natun Ba', NULL, 41, 308, 3084, 'active', NULL, NULL),
	(943, 'Islamabad', NULL, 41, 308, 3088, 'active', NULL, NULL),
	(944, 'jahidpur', NULL, 41, 308, 3087, 'active', NULL, NULL),
	(945, 'Khurma', NULL, 41, 308, 3085, 'active', NULL, NULL),
	(946, 'Moinpur', NULL, 41, 308, 3086, 'active', NULL, NULL),
	(947, 'Dhirai Chandpur', NULL, 41, 309, 3040, 'active', NULL, NULL),
	(948, 'Jagdal', NULL, 41, 309, 3041, 'active', NULL, NULL),
	(949, 'Duara bazar', NULL, 41, 310, 3070, 'active', NULL, NULL),
	(950, 'Ghungiar', NULL, 41, 311, 3050, 'active', NULL, NULL),
	(951, 'Atuajan', NULL, 41, 312, 3062, 'active', NULL, NULL),
	(952, 'Hasan Fatemapur', NULL, 41, 312, 3063, 'active', NULL, NULL),
	(953, 'Jagnnathpur', NULL, 41, 312, 3060, 'active', NULL, NULL),
	(954, 'Rasulganj', NULL, 41, 312, 3064, 'active', NULL, NULL),
	(955, 'Shiramsi', NULL, 41, 312, 3065, 'active', NULL, NULL),
	(956, 'Syedpur', NULL, 41, 312, 3061, 'active', NULL, NULL),
	(957, 'Sachna', NULL, 41, 313, 3020, 'active', NULL, NULL),
	(958, 'Pagla', NULL, 41, 314, 3001, 'active', NULL, NULL),
	(959, 'Patharia', NULL, 41, 314, 3002, 'active', NULL, NULL),
	(960, 'Sunamganj Sadar', NULL, 41, 314, 3000, 'active', NULL, NULL),
	(961, 'Tahirpur', NULL, 41, 315, 3030, 'active', NULL, NULL),
	(962, 'Balaganj', NULL, 42, 316, 3120, 'active', NULL, NULL),
	(963, 'Begumpur', NULL, 42, 316, 3125, 'active', NULL, NULL),
	(964, 'Brahman Shashon', NULL, 42, 316, 3122, 'active', NULL, NULL),
	(965, 'Gaharpur', NULL, 42, 316, 3128, 'active', NULL, NULL),
	(966, 'Goala Bazar', NULL, 42, 316, 3124, 'active', NULL, NULL),
	(967, 'Karua', NULL, 42, 316, 3121, 'active', NULL, NULL),
	(968, 'Kathal Khair', NULL, 42, 316, 3127, 'active', NULL, NULL),
	(969, 'Natun Bazar', NULL, 42, 316, 3129, 'active', NULL, NULL),
	(970, 'Omarpur', NULL, 42, 316, 3126, 'active', NULL, NULL),
	(971, 'Tajpur', NULL, 42, 316, 3123, 'active', NULL, NULL),
	(972, 'Bianibazar', NULL, 42, 317, 3170, 'active', NULL, NULL),
	(973, 'Churkai', NULL, 42, 317, 3175, 'active', NULL, NULL),
	(974, 'jaldup', NULL, 42, 317, 3171, 'active', NULL, NULL),
	(975, 'Kurar bazar', NULL, 42, 317, 3173, 'active', NULL, NULL),
	(976, 'Mathiura', NULL, 42, 317, 3172, 'active', NULL, NULL),
	(977, 'Salia bazar', NULL, 42, 317, 3174, 'active', NULL, NULL),
	(978, 'Bishwanath', NULL, 42, 318, 3130, 'active', NULL, NULL),
	(979, 'Dashghar', NULL, 42, 318, 3131, 'active', NULL, NULL),
	(980, 'Deokalas', NULL, 42, 318, 3133, 'active', NULL, NULL),
	(981, 'Doulathpur', NULL, 42, 318, 3132, 'active', NULL, NULL),
	(982, 'Singer kanch', NULL, 42, 318, 3134, 'active', NULL, NULL),
	(983, 'Fenchuganj', NULL, 42, 319, 3116, 'active', NULL, NULL),
	(984, 'Fenchuganj SareKarkh', NULL, 42, 319, 3117, 'active', NULL, NULL),
	(985, 'Chiknagul', NULL, 42, 320, 3152, 'active', NULL, NULL),
	(986, 'Goainhat', NULL, 42, 320, 3150, 'active', NULL, NULL),
	(987, 'Jaflong', NULL, 42, 320, 3151, 'active', NULL, NULL),
	(988, 'banigram', NULL, 42, 321, 3164, 'active', NULL, NULL),
	(989, 'Chandanpur', NULL, 42, 321, 3165, 'active', NULL, NULL),
	(990, 'Dakkhin Bhadashore', NULL, 42, 321, 3162, 'active', NULL, NULL),
	(991, 'Dhaka Dakkhin', NULL, 42, 321, 3161, 'active', NULL, NULL),
	(992, 'Gopalgannj', NULL, 42, 321, 3160, 'active', NULL, NULL),
	(993, 'Ranaping', NULL, 42, 321, 3163, 'active', NULL, NULL),
	(994, 'Jainthapur', NULL, 42, 322, 3156, 'active', NULL, NULL),
	(995, 'Ichhamati', NULL, 42, 323, 3191, 'active', NULL, NULL),
	(996, 'Jakiganj', NULL, 42, 323, 3190, 'active', NULL, NULL),
	(997, 'Chatulbazar', NULL, 42, 324, 3181, 'active', NULL, NULL),
	(998, 'Gachbari', NULL, 42, 324, 3183, 'active', NULL, NULL),
	(999, 'Kanaighat', NULL, 42, 324, 3180, 'active', NULL, NULL),
	(1000, 'Manikganj', NULL, 42, 324, 3182, 'active', NULL, NULL),
	(1001, 'Kompanyganj', NULL, 42, 325, 3140, 'active', NULL, NULL),
	(1002, 'Birahimpur', NULL, 42, 326, 3106, 'active', NULL, NULL),
	(1003, 'Jalalabad', NULL, 42, 326, 3107, 'active', NULL, NULL),
	(1004, 'Jalalabad Cantoment', NULL, 42, 326, 3104, 'active', NULL, NULL),
	(1005, 'Kadamtali', NULL, 42, 326, 3111, 'active', NULL, NULL),
	(1006, 'Kamalbazer', NULL, 42, 326, 3112, 'active', NULL, NULL),
	(1007, 'Khadimnagar', NULL, 42, 326, 3103, 'active', NULL, NULL),
	(1008, 'Lalbazar', NULL, 42, 326, 3113, 'active', NULL, NULL),
	(1009, 'Mogla', NULL, 42, 326, 3108, 'active', NULL, NULL),
	(1010, 'Ranga Hajiganj', NULL, 42, 326, 3109, 'active', NULL, NULL),
	(1011, 'Shahajalal Science &', NULL, 42, 326, 3114, 'active', NULL, NULL),
	(1012, 'Silam', NULL, 42, 326, 3105, 'active', NULL, NULL),
	(1013, 'Sylhe Sadar', NULL, 42, 326, 3100, 'active', NULL, NULL),
	(1014, 'Sylhet Biman Bondar', NULL, 42, 326, 3102, 'active', NULL, NULL),
	(1015, 'Sylhet Cadet Col', NULL, 42, 326, 3101, 'active', NULL, NULL),
	(1016, 'Amtali', NULL, 46, 327, 8710, 'active', NULL, NULL),
	(1017, 'Bamna', NULL, 46, 328, 8730, 'active', NULL, NULL),
	(1018, 'Barguna Sadar', NULL, 46, 329, 8700, 'active', NULL, NULL),
	(1019, 'Nali Bandar', NULL, 46, 329, 8701, 'active', NULL, NULL),
	(1020, 'Betagi', NULL, 46, 330, 8740, 'active', NULL, NULL),
	(1021, 'Darul Ulam', NULL, 46, 330, 8741, 'active', NULL, NULL),
	(1022, 'Kakchira', NULL, 46, 331, 8721, 'active', NULL, NULL),
	(1023, 'Patharghata', NULL, 46, 331, 8720, 'active', NULL, NULL),
	(1024, 'Agailzhara', NULL, 47, 332, 8240, 'active', NULL, NULL),
	(1025, 'Gaila', NULL, 47, 332, 8241, 'active', NULL, NULL),
	(1026, 'Paisarhat', NULL, 47, 332, 8242, 'active', NULL, NULL),
	(1027, 'Babuganj', NULL, 47, 333, 8210, 'active', NULL, NULL),
	(1028, 'Barishal Cadet', NULL, 47, 333, 8216, 'active', NULL, NULL),
	(1029, 'Chandpasha', NULL, 47, 333, 8212, 'active', NULL, NULL),
	(1030, 'Madhabpasha', NULL, 47, 333, 8213, 'active', NULL, NULL),
	(1031, 'Nizamuddin College', NULL, 47, 333, 8215, 'active', NULL, NULL),
	(1032, 'Rahamatpur', NULL, 47, 333, 8211, 'active', NULL, NULL),
	(1033, 'Thakur Mallik', NULL, 47, 333, 8214, 'active', NULL, NULL),
	(1034, 'Barajalia', NULL, 47, 334, 8260, 'active', NULL, NULL),
	(1035, 'Osman Manjil', NULL, 47, 334, 8261, 'active', NULL, NULL),
	(1036, 'Barishal Sadar', NULL, 47, 335, 8200, 'active', NULL, NULL),
	(1037, 'Bukhainagar', NULL, 47, 335, 8201, 'active', NULL, NULL),
	(1038, 'Jaguarhat', NULL, 47, 335, 8206, 'active', NULL, NULL),
	(1039, 'Kashipur', NULL, 47, 335, 8205, 'active', NULL, NULL),
	(1040, 'Patang', NULL, 47, 335, 8204, 'active', NULL, NULL),
	(1041, 'Saheberhat', NULL, 47, 335, 8202, 'active', NULL, NULL),
	(1042, 'Sugandia', NULL, 47, 335, 8203, 'active', NULL, NULL),
	(1043, 'Batajor', NULL, 47, 336, 8233, 'active', NULL, NULL),
	(1044, 'Gouranadi', NULL, 47, 336, 8230, 'active', NULL, NULL),
	(1045, 'Kashemabad', NULL, 47, 336, 8232, 'active', NULL, NULL),
	(1046, 'Tarki Bandar', NULL, 47, 336, 8231, 'active', NULL, NULL),
	(1047, 'Langutia', NULL, 47, 337, 8274, 'active', NULL, NULL),
	(1048, 'Laskarpur', NULL, 47, 337, 8271, 'active', NULL, NULL),
	(1049, 'Mahendiganj', NULL, 47, 337, 8270, 'active', NULL, NULL),
	(1050, 'Nalgora', NULL, 47, 337, 8273, 'active', NULL, NULL),
	(1051, 'Ulania', NULL, 47, 337, 8272, 'active', NULL, NULL),
	(1052, 'Charkalekhan', NULL, 47, 338, 8252, 'active', NULL, NULL),
	(1053, 'Kazirchar', NULL, 47, 338, 8251, 'active', NULL, NULL),
	(1054, 'Muladi', NULL, 47, 338, 8250, 'active', NULL, NULL),
	(1055, 'Charamandi', NULL, 47, 339, 8281, 'active', NULL, NULL),
	(1056, 'kalaskati', NULL, 47, 339, 8284, 'active', NULL, NULL),
	(1057, 'Padri Shibpur', NULL, 47, 339, 8282, 'active', NULL, NULL),
	(1058, 'Sahebganj', NULL, 47, 339, 8280, 'active', NULL, NULL),
	(1059, 'Shialguni', NULL, 47, 339, 8283, 'active', NULL, NULL),
	(1060, 'Dakuarhat', NULL, 47, 340, 8223, 'active', NULL, NULL),
	(1061, 'Dhamura', NULL, 47, 340, 8221, 'active', NULL, NULL),
	(1062, 'Jugirkanda', NULL, 47, 340, 8222, 'active', NULL, NULL),
	(1063, 'Shikarpur', NULL, 47, 340, 8224, 'active', NULL, NULL),
	(1064, 'Uzirpur', NULL, 47, 340, 8220, 'active', NULL, NULL),
	(1065, 'Bhola Sadar', NULL, 48, 341, 8300, 'active', NULL, NULL),
	(1066, 'Joynagar', NULL, 48, 341, 8301, 'active', NULL, NULL),
	(1067, 'Borhanuddin UPO', NULL, 48, 342, 8320, 'active', NULL, NULL),
	(1068, 'Mirzakalu', NULL, 48, 342, 8321, 'active', NULL, NULL),
	(1069, 'Charfashion', NULL, 48, 343, 8340, 'active', NULL, NULL),
	(1070, 'Dularhat', NULL, 48, 343, 8341, 'active', NULL, NULL),
	(1071, 'Keramatganj', NULL, 48, 343, 8342, 'active', NULL, NULL),
	(1072, 'Doulatkhan', NULL, 48, 344, 8310, 'active', NULL, NULL),
	(1073, 'Hajipur', NULL, 48, 344, 8311, 'active', NULL, NULL),
	(1074, 'Hajirhat', NULL, 48, 345, 8360, 'active', NULL, NULL),
	(1075, 'Hatshoshiganj', NULL, 48, 346, 8350, 'active', NULL, NULL),
	(1076, 'Daurihat', NULL, 48, 347, 8331, 'active', NULL, NULL),
	(1077, 'Gazaria', NULL, 48, 347, 8332, 'active', NULL, NULL),
	(1078, 'Lalmohan UPO', NULL, 48, 347, 8330, 'active', NULL, NULL),
	(1079, 'Baukathi', NULL, 49, 348, 8402, 'active', NULL, NULL),
	(1080, 'Gabha', NULL, 49, 348, 8403, 'active', NULL, NULL),
	(1081, 'Jhalokathi Sadar', NULL, 49, 348, 8400, 'active', NULL, NULL),
	(1082, 'Nabagram', NULL, 49, 348, 8401, 'active', NULL, NULL),
	(1083, 'Shekherhat', NULL, 49, 348, 8404, 'active', NULL, NULL),
	(1084, 'Amua', NULL, 49, 349, 8431, 'active', NULL, NULL),
	(1085, 'Kathalia', NULL, 49, 349, 8430, 'active', NULL, NULL),
	(1086, 'Niamatee', NULL, 49, 349, 8432, 'active', NULL, NULL),
	(1087, 'Shoulajalia', NULL, 49, 349, 8433, 'active', NULL, NULL),
	(1088, 'Beerkathi', NULL, 49, 350, 8421, 'active', NULL, NULL),
	(1089, 'Nalchhiti', NULL, 49, 350, 8420, 'active', NULL, NULL),
	(1090, 'Rajapur', NULL, 49, 351, 8410, 'active', NULL, NULL),
	(1091, 'Bagabandar', NULL, 50, 352, 8621, 'active', NULL, NULL),
	(1092, 'Bauphal', NULL, 50, 352, 8620, 'active', NULL, NULL),
	(1093, 'Birpasha', NULL, 50, 352, 8622, 'active', NULL, NULL),
	(1094, 'Kalaia', NULL, 50, 352, 8624, 'active', NULL, NULL),
	(1095, 'Kalishari', NULL, 50, 352, 8623, 'active', NULL, NULL),
	(1096, 'Dashmina', NULL, 50, 353, 8630, 'active', NULL, NULL),
	(1097, 'Galachipa', NULL, 50, 354, 8640, 'active', NULL, NULL),
	(1098, 'Gazipur Bandar', NULL, 50, 354, 8641, 'active', NULL, NULL),
	(1099, 'Khepupara', NULL, 50, 355, 8650, 'active', NULL, NULL),
	(1100, 'Mahipur', NULL, 50, 355, 8651, 'active', NULL, NULL),
	(1101, 'Dumkee', NULL, 50, 356, 8602, 'active', NULL, NULL),
	(1102, 'Moukaran', NULL, 50, 356, 8601, 'active', NULL, NULL),
	(1103, 'Patuakhali Sadar', NULL, 50, 356, 8600, 'active', NULL, NULL),
	(1104, 'Rahimabad', NULL, 50, 356, 8603, 'active', NULL, NULL),
	(1105, 'Subidkhali', NULL, 50, 357, 8610, 'active', NULL, NULL),
	(1106, 'Banaripara', NULL, 51, 358, 8530, 'active', NULL, NULL),
	(1107, 'Chakhar', NULL, 51, 358, 8531, 'active', NULL, NULL),
	(1108, 'Bhandaria', NULL, 51, 359, 8550, 'active', NULL, NULL),
	(1109, 'Dhaoa', NULL, 51, 359, 8552, 'active', NULL, NULL),
	(1110, 'Kanudashkathi', NULL, 51, 359, 8551, 'active', NULL, NULL),
	(1111, 'Jolagati', NULL, 51, 360, 8513, 'active', NULL, NULL),
	(1112, 'Joykul', NULL, 51, 360, 8512, 'active', NULL, NULL),
	(1113, 'Kaukhali', NULL, 51, 360, 8510, 'active', NULL, NULL),
	(1114, 'Keundia', NULL, 51, 360, 8511, 'active', NULL, NULL),
	(1115, 'Betmor Natun Hat', NULL, 51, 361, 8565, 'active', NULL, NULL),
	(1116, 'Gulishakhali', NULL, 51, 361, 8563, 'active', NULL, NULL),
	(1117, 'Halta', NULL, 51, 361, 8562, 'active', NULL, NULL),
	(1118, 'Mathbaria', NULL, 51, 361, 8560, 'active', NULL, NULL),
	(1119, 'Shilarganj', NULL, 51, 361, 8566, 'active', NULL, NULL),
	(1120, 'Tiarkhali', NULL, 51, 361, 8564, 'active', NULL, NULL),
	(1121, 'Tushkhali', NULL, 51, 361, 8561, 'active', NULL, NULL),
	(1122, 'Nazirpur', NULL, 51, 362, 8540, 'active', NULL, NULL),
	(1123, 'Sriramkathi', NULL, 51, 362, 8541, 'active', NULL, NULL),
	(1124, 'Hularhat', NULL, 51, 363, 8501, 'active', NULL, NULL),
	(1125, 'Parerhat', NULL, 51, 363, 8502, 'active', NULL, NULL),
	(1126, 'Pirojpur Sadar', NULL, 51, 363, 8500, 'active', NULL, NULL),
	(1127, 'Darus Sunnat', NULL, 51, 364, 8521, 'active', NULL, NULL),
	(1128, 'Jalabari', NULL, 51, 364, 8523, 'active', NULL, NULL),
	(1129, 'Kaurikhara', NULL, 51, 364, 8522, 'active', NULL, NULL),
	(1130, 'Swarupkathi', NULL, 51, 364, 8520, 'active', NULL, NULL),
	(1131, 'Adamdighi', NULL, 52, 365, 5890, 'active', NULL, NULL),
	(1132, 'Nasharatpur', NULL, 52, 365, 5892, 'active', NULL, NULL),
	(1133, 'Santahar', NULL, 52, 365, 5891, 'active', NULL, NULL),
	(1134, 'Bogra Canttonment', NULL, 52, 366, 5801, 'active', NULL, NULL),
	(1135, 'Bogra Sadar', NULL, 52, 366, 5800, 'active', NULL, NULL),
	(1136, 'Dhunat', NULL, 52, 367, 5850, 'active', NULL, NULL),
	(1137, 'Gosaibari', NULL, 52, 367, 5851, 'active', NULL, NULL),
	(1138, 'Dupchachia', NULL, 52, 368, 5880, 'active', NULL, NULL),
	(1139, 'Talora', NULL, 52, 368, 5881, 'active', NULL, NULL),
	(1140, 'Gabtoli', NULL, 52, 369, 5820, 'active', NULL, NULL),
	(1141, 'Sukhanpukur', NULL, 52, 369, 5821, 'active', NULL, NULL),
	(1142, 'Kahalu', NULL, 52, 370, 5870, 'active', NULL, NULL),
	(1143, 'Nandigram', NULL, 52, 371, 5860, 'active', NULL, NULL),
	(1144, 'Chandan Baisha', NULL, 52, 372, 5831, 'active', NULL, NULL),
	(1145, 'Sariakandi', NULL, 52, 372, 5830, 'active', NULL, NULL),
	(1146, 'Chandaikona', NULL, 52, 373, 5841, 'active', NULL, NULL),
	(1147, 'Palli Unnyan Accadem', NULL, 52, 373, 5842, 'active', NULL, NULL),
	(1148, 'Sherpur', NULL, 52, 373, 5840, 'active', NULL, NULL),
	(1149, 'Shibganj', NULL, 52, 374, 5810, 'active', NULL, NULL),
	(1150, 'Sonatola', NULL, 52, 375, 5826, 'active', NULL, NULL),
	(1151, 'Bholahat', NULL, 53, 376, 6330, 'active', NULL, NULL),
	(1152, 'Amnura', NULL, 53, 377, 6303, 'active', NULL, NULL),
	(1153, 'Chapinawbganj Sadar', NULL, 53, 377, 6300, 'active', NULL, NULL),
	(1154, 'Rajarampur', NULL, 53, 377, 6301, 'active', NULL, NULL),
	(1155, 'Ramchandrapur', NULL, 53, 377, 6302, 'active', NULL, NULL),
	(1156, 'Mandumala', NULL, 53, 378, 6311, 'active', NULL, NULL),
	(1157, 'Nachol', NULL, 53, 378, 6310, 'active', NULL, NULL),
	(1158, 'Gomashtapur', NULL, 53, 379, 6321, 'active', NULL, NULL),
	(1159, 'Rohanpur', NULL, 53, 379, 6320, 'active', NULL, NULL),
	(1160, 'Kansart', NULL, 53, 380, 6341, 'active', NULL, NULL),
	(1161, 'Manaksha', NULL, 53, 380, 6342, 'active', NULL, NULL),
	(1162, 'Shibganj U.P.O', NULL, 53, 380, 6340, 'active', NULL, NULL),
	(1163, 'Akklepur', NULL, 54, 381, 5940, 'active', NULL, NULL),
	(1164, 'jamalganj', NULL, 54, 381, 5941, 'active', NULL, NULL),
	(1165, 'Tilakpur', NULL, 54, 381, 5942, 'active', NULL, NULL),
	(1166, 'Joypurhat Sadar', NULL, 54, 382, 5900, 'active', NULL, NULL),
	(1167, 'kalai', NULL, 54, 383, 5930, 'active', NULL, NULL),
	(1168, 'Khetlal', NULL, 54, 384, 5920, 'active', NULL, NULL),
	(1169, 'Panchbibi', NULL, 54, 385, 5910, 'active', NULL, NULL),
	(1170, 'Ahsanganj', NULL, 55, 386, 6596, 'active', NULL, NULL),
	(1171, 'Bandai', NULL, 55, 386, 6597, 'active', NULL, NULL),
	(1172, 'Badalgachhi', NULL, 55, 387, 6570, 'active', NULL, NULL),
	(1173, 'Dhamuirhat', NULL, 55, 388, 6580, 'active', NULL, NULL),
	(1174, 'Mahadebpur', NULL, 55, 389, 6530, 'active', NULL, NULL),
	(1175, 'Naogaon Sadar', NULL, 55, 390, 6500, 'active', NULL, NULL),
	(1176, 'Niamatpur', NULL, 55, 391, 6520, 'active', NULL, NULL),
	(1177, 'Nitpur', NULL, 55, 392, 6550, 'active', NULL, NULL),
	(1178, 'Panguria', NULL, 55, 392, 6552, 'active', NULL, NULL),
	(1179, 'Porsa', NULL, 55, 392, 6551, 'active', NULL, NULL),
	(1180, 'Patnitala', NULL, 55, 393, 6540, 'active', NULL, NULL),
	(1181, 'Balihar', NULL, 55, 394, 6512, 'active', NULL, NULL),
	(1182, 'Manda', NULL, 55, 394, 6511, 'active', NULL, NULL),
	(1183, 'Prasadpur', NULL, 55, 394, 6510, 'active', NULL, NULL),
	(1184, 'Kashimpur', NULL, 55, 395, 6591, 'active', NULL, NULL),
	(1185, 'Raninagar', NULL, 55, 395, 6590, 'active', NULL, NULL),
	(1186, 'Moduhil', NULL, 55, 396, 6561, 'active', NULL, NULL),
	(1187, 'Sapahar', NULL, 55, 396, 6560, 'active', NULL, NULL),
	(1188, 'Abdulpur', NULL, 56, 397, 6422, 'active', NULL, NULL),
	(1189, 'Gopalpur U.P.O', NULL, 56, 397, 6420, 'active', NULL, NULL),
	(1190, 'Lalpur S.O', NULL, 56, 397, 6421, 'active', NULL, NULL),
	(1191, 'Baraigram', NULL, 56, 398, 6432, 'active', NULL, NULL),
	(1192, 'Dayarampur', NULL, 56, 398, 6431, 'active', NULL, NULL),
	(1193, 'Harua', NULL, 56, 398, 6430, 'active', NULL, NULL),
	(1194, 'Hatgurudaspur', NULL, 56, 399, 6440, 'active', NULL, NULL),
	(1195, 'Laxman', NULL, 56, 400, 6410, 'active', NULL, NULL),
	(1196, 'Baiddyabal Gharia', NULL, 56, 401, 6402, 'active', NULL, NULL),
	(1197, 'Digapatia', NULL, 56, 401, 6401, 'active', NULL, NULL),
	(1198, 'Madhnagar', NULL, 56, 401, 6403, 'active', NULL, NULL),
	(1199, 'Natore Sadar', NULL, 56, 401, 6400, 'active', NULL, NULL),
	(1200, 'Singra', NULL, 56, 402, 6450, 'active', NULL, NULL),
	(1201, 'Banwarinagar', NULL, 57, 403, 6650, 'active', NULL, NULL),
	(1202, 'Bera', NULL, 57, 404, 6680, 'active', NULL, NULL),
	(1203, 'Kashinathpur', NULL, 57, 404, 6682, 'active', NULL, NULL),
	(1204, 'Nakalia', NULL, 57, 404, 6681, 'active', NULL, NULL),
	(1205, 'Puran Bharenga', NULL, 57, 404, 6683, 'active', NULL, NULL),
	(1206, 'Bhangura', NULL, 57, 405, 6640, 'active', NULL, NULL),
	(1207, 'Chatmohar', NULL, 57, 406, 6630, 'active', NULL, NULL),
	(1208, 'Debottar', NULL, 57, 407, 6610, 'active', NULL, NULL),
	(1209, 'Dhapari', NULL, 57, 408, 6621, 'active', NULL, NULL),
	(1210, 'Ishwardi', NULL, 57, 408, 6620, 'active', NULL, NULL),
	(1211, 'Pakshi', NULL, 57, 408, 6622, 'active', NULL, NULL),
	(1212, 'Rajapur', NULL, 57, 408, 6623, 'active', NULL, NULL),
	(1213, 'Hamayetpur', NULL, 57, 409, 6602, 'active', NULL, NULL),
	(1214, 'Kaliko Cotton Mills', NULL, 57, 409, 6601, 'active', NULL, NULL),
	(1215, 'Pabna Sadar', NULL, 57, 409, 6600, 'active', NULL, NULL),
	(1216, 'Sathia', NULL, 57, 410, 6670, 'active', NULL, NULL),
	(1217, 'Sagarkandi', NULL, 57, 411, 6661, 'active', NULL, NULL),
	(1218, 'Sujanagar', NULL, 57, 411, 6660, 'active', NULL, NULL),
	(1219, 'Arani', NULL, 58, 412, 6281, 'active', NULL, NULL),
	(1220, 'Bagha', NULL, 58, 412, 6280, 'active', NULL, NULL),
	(1221, 'Bhabaniganj', NULL, 58, 413, 6250, 'active', NULL, NULL),
	(1222, 'Taharpur', NULL, 58, 413, 6251, 'active', NULL, NULL),
	(1223, 'Charghat', NULL, 58, 414, 6270, 'active', NULL, NULL),
	(1224, 'Sarda', NULL, 58, 414, 6271, 'active', NULL, NULL),
	(1225, 'Durgapur', NULL, 58, 415, 6240, 'active', NULL, NULL),
	(1226, 'Godagari', NULL, 58, 416, 6290, 'active', NULL, NULL),
	(1227, 'Premtoli', NULL, 58, 416, 6291, 'active', NULL, NULL),
	(1228, 'Khodmohanpur', NULL, 58, 417, 6220, 'active', NULL, NULL),
	(1229, 'Lalitganj', NULL, 58, 418, 6210, 'active', NULL, NULL),
	(1230, 'Rajshahi Sugar Mills', NULL, 58, 418, 6211, 'active', NULL, NULL),
	(1231, 'Shyampur', NULL, 58, 418, 6212, 'active', NULL, NULL),
	(1232, 'Putia', NULL, 58, 419, 6260, 'active', NULL, NULL),
	(1233, 'Binodpur Bazar', NULL, 58, 420, 6206, 'active', NULL, NULL),
	(1234, 'Ghuramara', NULL, 58, 420, 6100, 'active', NULL, NULL),
	(1235, 'Kazla', NULL, 58, 420, 6204, 'active', NULL, NULL),
	(1236, 'Rajshahi Canttonment', NULL, 58, 420, 6202, 'active', NULL, NULL),
	(1237, 'Rajshahi Court', NULL, 58, 420, 6201, 'active', NULL, NULL),
	(1238, 'Rajshahi Sadar', NULL, 58, 420, 6000, 'active', NULL, NULL),
	(1239, 'Rajshahi University', NULL, 58, 420, 6205, 'active', NULL, NULL),
	(1240, 'Sapura', NULL, 58, 420, 6203, 'active', NULL, NULL),
	(1241, 'Tanor', NULL, 58, 421, 6230, 'active', NULL, NULL),
	(1242, 'Baiddya Jam Toil', NULL, 59, 422, 6730, 'active', NULL, NULL),
	(1243, 'Belkuchi', NULL, 59, 423, 6740, 'active', NULL, NULL),
	(1244, 'Enayetpur', NULL, 59, 423, 6751, 'active', NULL, NULL),
	(1245, 'Rajapur', NULL, 59, 423, 6742, 'active', NULL, NULL),
	(1246, 'Bangla Hili', NULL, 60, 424, 5270, 'active', NULL, NULL),
	(1247, 'Biral', NULL, 60, 425, 5210, 'active', NULL, NULL),
	(1248, 'Birampur', NULL, 60, 426, 5266, 'active', NULL, NULL),
	(1249, 'Birganj', NULL, 60, 427, 5220, 'active', NULL, NULL),
	(1250, 'Chrirbandar', NULL, 60, 428, 5240, 'active', NULL, NULL),
	(1251, 'Ranirbandar', NULL, 60, 428, 5241, 'active', NULL, NULL),
	(1252, 'Dinajpur Rajbari', NULL, 60, 429, 5201, 'active', NULL, NULL),
	(1253, 'Dinajpur Sadar', NULL, 60, 429, 5200, 'active', NULL, NULL),
	(1254, 'Khansama', NULL, 60, 430, 5230, 'active', NULL, NULL),
	(1255, 'Pakarhat', NULL, 60, 430, 5231, 'active', NULL, NULL),
	(1256, 'Maharajganj', NULL, 60, 431, 5226, 'active', NULL, NULL),
	(1257, 'Daudpur', NULL, 60, 432, 5281, 'active', NULL, NULL),
	(1258, 'Gopalpur', NULL, 60, 432, 5282, 'active', NULL, NULL),
	(1259, 'Nababganj', NULL, 60, 432, 5280, 'active', NULL, NULL),
	(1260, 'Ghoraghat', NULL, 60, 433, 5291, 'active', NULL, NULL),
	(1261, 'Osmanpur', NULL, 60, 433, 5290, 'active', NULL, NULL),
	(1262, 'Parbatipur', NULL, 60, 434, 5250, 'active', NULL, NULL),
	(1263, 'Phulbari', NULL, 60, 435, 5260, 'active', NULL, NULL),
	(1264, 'Setabganj', NULL, 60, 436, 5216, 'active', NULL, NULL),
	(1265, 'Bonarpara', NULL, 61, 437, 5750, 'active', NULL, NULL),
	(1266, 'saghata', NULL, 61, 437, 5751, 'active', NULL, NULL),
	(1267, 'Gaibandha Sadar', NULL, 61, 438, 5700, 'active', NULL, NULL),
	(1268, 'Gobindhaganj', NULL, 61, 439, 5740, 'active', NULL, NULL),
	(1269, 'Mahimaganj', NULL, 61, 439, 5741, 'active', NULL, NULL),
	(1270, 'Palashbari', NULL, 61, 440, 5730, 'active', NULL, NULL),
	(1271, 'Bharatkhali', NULL, 61, 441, 5761, 'active', NULL, NULL),
	(1272, 'Phulchhari', NULL, 61, 441, 5760, 'active', NULL, NULL),
	(1273, 'Naldanga', NULL, 61, 442, 5711, 'active', NULL, NULL),
	(1274, 'Saadullapur', NULL, 61, 442, 5710, 'active', NULL, NULL),
	(1275, 'Bamandanga', NULL, 61, 443, 5721, 'active', NULL, NULL),
	(1276, 'Sundarganj', NULL, 61, 443, 5720, 'active', NULL, NULL),
	(1277, 'Bhurungamari', NULL, 62, 444, 5670, 'active', NULL, NULL),
	(1278, 'Chilmari', NULL, 62, 445, 5630, 'active', NULL, NULL),
	(1279, 'Jorgachh', NULL, 62, 445, 5631, 'active', NULL, NULL),
	(1280, 'Kurigram Sadar', NULL, 62, 446, 5600, 'active', NULL, NULL),
	(1281, 'Pandul', NULL, 62, 446, 5601, 'active', NULL, NULL),
	(1282, 'Phulbari', NULL, 62, 446, 5680, 'active', NULL, NULL),
	(1283, 'Nageshwar', NULL, 62, 447, 5660, 'active', NULL, NULL),
	(1284, 'Nazimkhan', NULL, 62, 448, 5611, 'active', NULL, NULL),
	(1285, 'Rajarhat', NULL, 62, 448, 5610, 'active', NULL, NULL),
	(1286, 'Rajibpur', NULL, 62, 449, 5650, 'active', NULL, NULL),
	(1287, 'Roumari', NULL, 62, 450, 5640, 'active', NULL, NULL),
	(1288, 'Bazarhat', NULL, 62, 451, 5621, 'active', NULL, NULL),
	(1289, 'Ulipur', NULL, 62, 451, 5620, 'active', NULL, NULL),
	(1290, 'Aditmari', NULL, 63, 452, 5510, 'active', NULL, NULL),
	(1291, 'Hatibandha', NULL, 63, 453, 5530, 'active', NULL, NULL),
	(1292, 'Kulaghat SO', NULL, 63, 454, 5502, 'active', NULL, NULL),
	(1293, 'Lalmonirhat Sadar', NULL, 63, 454, 5500, 'active', NULL, NULL),
	(1294, 'Moghalhat', NULL, 63, 454, 5501, 'active', NULL, NULL),
	(1295, 'Baura', NULL, 63, 455, 5541, 'active', NULL, NULL),
	(1296, 'Burimari', NULL, 63, 455, 5542, 'active', NULL, NULL),
	(1297, 'Patgram', NULL, 63, 455, 5540, 'active', NULL, NULL),
	(1298, 'Tushbhandar', NULL, 63, 456, 5520, 'active', NULL, NULL),
	(1299, 'Dimla', NULL, 64, 457, 5350, 'active', NULL, NULL),
	(1300, 'Ghaga Kharibari', NULL, 64, 457, 5351, 'active', NULL, NULL),
	(1301, 'Chilahati', NULL, 64, 458, 5341, 'active', NULL, NULL),
	(1302, 'Domar', NULL, 64, 458, 5340, 'active', NULL, NULL),
	(1303, 'Jaldhaka', NULL, 64, 459, 5330, 'active', NULL, NULL),
	(1304, 'Kishoriganj', NULL, 64, 460, 5320, 'active', NULL, NULL),
	(1305, 'Nilphamari Sadar', NULL, 64, 461, 5300, 'active', NULL, NULL),
	(1306, 'Nilphamari Sugar Mil', NULL, 64, 461, 5301, 'active', NULL, NULL),
	(1307, 'Syedpur', NULL, 64, 462, 5310, 'active', NULL, NULL),
	(1308, 'Syedpur Upashahar', NULL, 64, 462, 5311, 'active', NULL, NULL),
	(1309, 'Boda', NULL, 65, 463, 5010, 'active', NULL, NULL),
	(1310, 'Chotto Dab', NULL, 65, 464, 5040, 'active', NULL, NULL),
	(1311, 'Mirjapur', NULL, 65, 464, 5041, 'active', NULL, NULL),
	(1312, 'Dabiganj', NULL, 65, 465, 5020, 'active', NULL, NULL),
	(1313, 'Panchagar Sadar', NULL, 65, 466, 5000, 'active', NULL, NULL),
	(1314, 'Tetulia', NULL, 65, 467, 5030, 'active', NULL, NULL),
	(1315, 'Badarganj', NULL, 66, 468, 5430, 'active', NULL, NULL),
	(1316, 'Shyampur', NULL, 66, 468, 5431, 'active', NULL, NULL),
	(1317, 'Gangachara', NULL, 66, 469, 5410, 'active', NULL, NULL),
	(1318, 'Haragachh', NULL, 66, 470, 5441, 'active', NULL, NULL),
	(1319, 'Kaunia', NULL, 66, 470, 5440, 'active', NULL, NULL),
	(1320, 'Mithapukur', NULL, 66, 471, 5460, 'active', NULL, NULL),
	(1321, 'Pirgachha', NULL, 66, 472, 5450, 'active', NULL, NULL),
	(1322, 'Alamnagar', NULL, 66, 473, 5402, 'active', NULL, NULL),
	(1323, 'Mahiganj', NULL, 66, 473, 5403, 'active', NULL, NULL),
	(1324, 'Rangpur Cadet Colleg', NULL, 66, 473, 5404, 'active', NULL, NULL),
	(1325, 'Rangpur Carmiecal Col', NULL, 66, 473, 5405, 'active', NULL, NULL),
	(1326, 'Rangpur Sadar', NULL, 66, 473, 5400, 'active', NULL, NULL),
	(1327, 'Rangpur Upa-Shahar', NULL, 66, 473, 5401, 'active', NULL, NULL),
	(1328, 'Taraganj', NULL, 66, 474, 5420, 'active', NULL, NULL),
	(1329, 'Baliadangi', NULL, 67, 475, 5140, 'active', NULL, NULL),
	(1330, 'Lahiri', NULL, 67, 475, 5141, 'active', NULL, NULL),
	(1331, 'Jibanpur', NULL, 67, 476, 5130, 'active', NULL, NULL),
	(1332, 'Pirganj', NULL, 67, 477, 5110, 'active', NULL, NULL),
	(1333, 'Pirganj', NULL, 67, 477, 5470, 'active', NULL, NULL),
	(1334, 'Nekmarad', NULL, 67, 478, 5121, 'active', NULL, NULL),
	(1335, 'Rani Sankail', NULL, 67, 478, 5120, 'active', NULL, NULL),
	(1336, 'Ruhia', NULL, 67, 479, 5103, 'active', NULL, NULL),
	(1337, 'Shibganj', NULL, 67, 479, 5102, 'active', NULL, NULL),
	(1338, 'Thakurgaon Road', NULL, 67, 479, 5101, 'active', NULL, NULL),
	(1339, 'Thakurgaon Sadar', NULL, 67, 479, 5100, 'active', NULL, NULL);

/*!40103 SET TIME_ZONE=IFNULL(@OLD_TIME_ZONE, 'system') */;
/*!40101 SET SQL_MODE=IFNULL(@OLD_SQL_MODE, '') */;
/*!40014 SET FOREIGN_KEY_CHECKS=IFNULL(@OLD_FOREIGN_KEY_CHECKS, 1) */;
/*!40101 SET CHARACTER_SET_CLIENT=@OLD_CHARACTER_SET_CLIENT */;
/*!40111 SET SQL_NOTES=IFNULL(@OLD_SQL_NOTES, 1) */;
